Normalized_EfficientNet_Similarity,Normalized_SS_Score
0.7146487,0.4722222222222222
0.24245794,0.3888888888888889
0.4160851,0.5833333333333334
0.555131,0.16666666666666666
0.31982696,0.5
0.68908817,0.7222222222222222
0.632232,0.2777777777777778
0.5692634,0.16666666666666666
0.35728556,0.2222222222222222
0.28373444,0.5
0.44775876,0.4722222222222222
0.71022654,0.7222222222222222
0.44468608,0.4166666666666667
0.7506609,0.6111111111111112
0.5889494,0.2222222222222222
0.582769,0.3888888888888889
0.55360085,0.3611111111111111
0.34373707,0.3055555555555556
0.45336315,0.2222222222222222
0.7688858,0.2777777777777778
0.46081296,0.2777777777777778
0.13424999,0.4166666666666667
0.31358686,0.3888888888888889
0.4918656,0.3611111111111111
0.40480503,0.3888888888888889
0.5969078,0.5
0.21048136,0.3888888888888889
0.35924214,0.3611111111111111
0.40540305,0.5277777777777778
0.57640034,0.16666666666666666
0.34836718,0.3333333333333333
0.26302704,0.16666666666666666
0.24364021,0.25
0.32295248,0.5277777777777778
0.41323563,0.25
0.92042005,0.6666666666666666
0.54636604,0.2222222222222222
0.40431422,0.3055555555555556
0.20354588,0.3333333333333333
0.44875205,0.4166666666666667
0.21593724,0.6111111111111112
0.50327677,0.5833333333333334
0.6871574,0.5
0.5897634,0.2777777777777778
0.73539364,0.3888888888888889
0.5858212,0.3333333333333333
0.30871397,0.4444444444444444
0.6691179,0.3333333333333333
0.2568405,0.5
0.7980446,0.4444444444444444
0.34300694,0.5
0.46139988,0.2777777777777778
0.31308144,0.25
0.16214693,0.08333333333333333
0.4199969,0.1388888888888889
0.19061445,0.2777777777777778
0.38117594,0.3055555555555556
0.3605905,0.25
0.43155798,0.16666666666666666
0.27495274,0.4444444444444444
0.6092247,0.5277777777777778
0.39682093,0.2222222222222222
0.293568,0.2222222222222222
0.55414504,0.2777777777777778
0.17438792,0.25
0.5510587,0.2222222222222222
0.3071931,0.4722222222222222
0.29875997,0.3888888888888889
0.47277653,0.3333333333333333
0.8510927,0.6666666666666666
0.3233748,0.4722222222222222
0.40505064,0.4444444444444444
0.5094435,0.3333333333333333
0.44641212,0.25
0.2706155,0.027777777777777776
0.5767865,0.5
0.30622008,0.16666666666666666
0.50407207,0.5
0.11283843,0.3055555555555556
0.5217499,0.5277777777777778
0.8389424,0.5277777777777778
0.41822052,0.1111111111111111
0.79761386,0.7777777777777778
0.7429541,0.4444444444444444
0.48998332,0.5277777777777778
0.52173376,0.4166666666666667
0.53305477,0.3888888888888889
0.7196002,0.5
0.8395788,0.6666666666666666
0.5889935,0.19444444444444445
0.49044502,0.1111111111111111
0.35193005,0.3888888888888889
0.48318624,0.3055555555555556
0.81351143,0.6111111111111112
0.360644,0.2777777777777778
0.31713635,0.4444444444444444
0.42290252,0.3611111111111111
0.6094695,0.8333333333333334
0.35137188,0.3611111111111111
0.42325023,0.3055555555555556
0.75519425,0.4444444444444444
0.38798678,0.2777777777777778
0.31391162,0.5833333333333334
0.21785131,0.16666666666666666
0.42205462,0.3888888888888889
0.2378528,0.2777777777777778
0.51594263,0.5
0.5433045,0.3333333333333333
0.3508161,0.2222222222222222
0.3482954,0.3333333333333333
1.0,0.7777777777777778
0.37454644,0.1388888888888889
0.66937214,0.4444444444444444
0.7403546,0.3333333333333333
0.0,0.05555555555555555
0.2501714,0.5
0.6073795,0.5555555555555556
0.43624848,0.16666666666666666
0.8365519,0.6111111111111112
0.5738167,0.3333333333333333
0.4302616,0.5
0.5666391,0.4722222222222222
0.2750241,0.08333333333333333
0.3612558,0.4722222222222222
0.36347288,0.4166666666666667
0.7513135,0.3333333333333333
0.14183435,0.19444444444444445
0.22507621,0.2777777777777778
0.49366882,0.3333333333333333
0.59883285,0.6111111111111112
0.46938762,0.3333333333333333
0.26918823,0.4722222222222222
0.45158845,0.16666666666666666
0.390178,0.3333333333333333
0.33161062,0.2777777777777778
0.39330328,0.3055555555555556
0.68849605,0.4166666666666667
0.52989084,0.5833333333333334
0.42492864,0.4444444444444444
0.25940597,0.25
0.40412813,0.4166666666666667
0.36162308,0.5
0.41307542,0.3055555555555556
0.30174118,0.4444444444444444
0.7791266,0.7222222222222222
0.49768263,0.19444444444444445
0.2833971,0.3888888888888889
0.230094,0.16666666666666666
0.15566033,0.16666666666666666
0.47428238,0.9444444444444444
0.21550466,0.3611111111111111
0.66735965,0.3611111111111111
0.37393883,0.16666666666666666
0.5391009,0.25
0.45394307,0.3888888888888889
0.7285238,0.4444444444444444
0.5161917,0.3611111111111111
0.8560829,0.6111111111111112
0.505708,0.3611111111111111
0.47349492,0.08333333333333333
0.29875997,0.3888888888888889
0.34353387,0.6388888888888888
0.6857244,0.5833333333333334
0.5892878,0.19444444444444445
0.31221318,0.5277777777777778
0.32267478,0.5555555555555556
0.32271543,0.6666666666666666
0.23191974,0.3611111111111111
0.47214943,0.8888888888888888
0.0094757425,0.4166666666666667
0.52343136,0.3888888888888889
0.3922989,0.4444444444444444
0.7467872,0.5555555555555556
0.5122258,0.4722222222222222
0.23225415,0.4166666666666667
0.44969684,0.3611111111111111
0.3937676,0.2222222222222222
0.36628476,0.4722222222222222
0.5599212,0.2222222222222222
0.39763063,0.16666666666666666
0.7571938,0.4166666666666667
0.6003309,0.2777777777777778
0.5872771,0.1388888888888889
0.8158957,0.8055555555555556
0.54974705,0.5555555555555556
0.39093965,0.3055555555555556
0.0,0.05555555555555555
0.36171624,0.2222222222222222
0.44857863,0.6388888888888888
0.41184795,0.05555555555555555
0.5340893,0.3055555555555556
0.24638674,0.3333333333333333
0.3485001,0.4722222222222222
0.5939052,0.3055555555555556
0.6504117,0.2222222222222222
0.75098306,0.5833333333333334
0.57098186,0.4166666666666667
0.28032976,0.2222222222222222
0.488784,0.2222222222222222
0.5880266,0.5277777777777778
0.49635473,0.3611111111111111
0.81981623,0.5833333333333334
0.38250595,0.2222222222222222
0.45091498,0.2222222222222222
0.44620094,0.3333333333333333
0.2126845,0.1388888888888889
0.71475345,0.4444444444444444
0.7207602,0.3333333333333333
0.41596225,0.4722222222222222
0.62902987,0.3333333333333333
0.58932877,0.2222222222222222
0.67228967,0.8055555555555556
0.49872628,0.4166666666666667
0.35550538,0.3888888888888889
0.42861196,0.7222222222222222
0.58767307,0.3055555555555556
0.4133441,0.6388888888888888
0.58341116,0.25
0.1446548,0.3333333333333333
0.71304554,0.4444444444444444
0.28647104,0.16666666666666666
0.2801816,0.3611111111111111
0.21691445,0.5277777777777778
0.7218603,0.5277777777777778
0.3301604,0.16666666666666666
0.48014152,0.3333333333333333
0.37317088,0.4722222222222222
0.44991192,0.5
0.6710141,0.3888888888888889
0.4063975,0.25
0.38691488,0.2777777777777778
0.69724834,0.4444444444444444
0.5168156,0.5555555555555556
0.568441,0.3611111111111111
0.47715515,0.4444444444444444
0.4714043,0.4444444444444444
0.6327372,0.7222222222222222
0.49511227,0.3333333333333333
0.7497016,0.4444444444444444
0.4650891,0.2222222222222222
0.56103975,0.3888888888888889
0.35260743,0.3333333333333333
0.4381081,0.3333333333333333
0.4087069,0.2777777777777778
0.51960105,0.5
0.62950003,0.4722222222222222
0.45013475,0.2222222222222222
0.24222665,0.3888888888888889
0.41000342,0.3055555555555556
0.36834878,0.3333333333333333
0.015741128,0.19444444444444445
0.5664011,0.4722222222222222
0.55802095,0.3611111111111111
0.39261118,0.3055555555555556
0.52968514,0.4166666666666667
0.52301455,0.4444444444444444
0.5184597,0.25
0.20964289,0.1388888888888889
0.38001803,0.3611111111111111
0.32397062,0.2777777777777778
0.3733777,0.16666666666666666
0.54882234,0.3888888888888889
0.3902801,0.3888888888888889
0.74453,0.5
0.3344437,0.2777777777777778
0.33973193,0.5
0.31140792,0.4166666666666667
0.72877824,0.6388888888888888
0.54348284,0.4166666666666667
0.37699008,0.25
0.47415316,0.3055555555555556
0.26403582,0.25
0.46990454,0.2222222222222222
0.46958148,0.5555555555555556
0.35669142,0.1388888888888889
0.5458406,0.9166666666666666
0.7906292,0.5833333333333334
0.324416,0.25
0.67944217,0.1111111111111111
0.26232743,0.3611111111111111
0.39908746,0.3611111111111111
0.2788743,0.2777777777777778
0.76154983,0.6111111111111112
0.7558812,0.3888888888888889
0.31745568,0.5833333333333334
0.2949799,0.3333333333333333
0.36735946,0.3888888888888889
0.50468427,0.2777777777777778
0.5796793,0.3888888888888889
0.8750905,0.5277777777777778
0.35039663,0.4166666666666667
0.36191335,0.8333333333333334
0.32148463,0.4166666666666667
0.19720273,0.4722222222222222
0.5147509,0.25
0.28107378,0.16666666666666666
0.36106047,0.05555555555555555
0.4531567,0.05555555555555555
0.16427855,0.5
0.49266443,0.25
0.44002753,0.3333333333333333
0.43956158,0.5277777777777778
0.65887964,0.3611111111111111
0.4009928,0.3888888888888889
0.5736798,0.5555555555555556
0.4265066,0.3611111111111111
0.6722472,0.5833333333333334
0.55075496,0.4166666666666667
0.14809752,0.5833333333333334
0.52447486,0.2777777777777778
0.45626396,0.3611111111111111
0.7012973,0.3888888888888889
0.37530336,0.6666666666666666
0.6343659,0.4166666666666667
0.45647848,0.05555555555555555
0.3039691,0.25
0.5344078,0.3888888888888889
0.5055137,0.3888888888888889
0.71304554,0.4444444444444444
0.3937379,0.08333333333333333
0.61131674,0.4444444444444444
0.5599231,0.3888888888888889
0.3685177,0.3611111111111111
0.32328892,0.5555555555555556
0.7758166,0.5277777777777778
0.3992603,0.4444444444444444
0.6533737,0.4722222222222222
0.29653236,0.3055555555555556
0.037325505,0.08333333333333333
0.117182106,0.16666666666666666
0.7048606,0.4444444444444444
0.391984,0.2777777777777778
0.24429291,0.19444444444444445
0.4547686,0.5277777777777778
0.32953635,0.2777777777777778
0.49003437,0.5555555555555556
0.43325794,0.1388888888888889
0.45915127,0.6388888888888888
0.5119047,0.3611111111111111
0.35415497,0.5277777777777778
0.7380034,0.6944444444444444
0.71430796,0.6111111111111112
0.6010441,0.25
0.2807203,0.3055555555555556
0.3258149,0.3611111111111111
0.69311935,0.6944444444444444
0.40358385,0.3055555555555556
0.51949865,0.3055555555555556
0.22656532,0.3055555555555556
0.7810165,0.8888888888888888
0.39860308,0.4722222222222222
0.30586898,0.2777777777777778
0.5749736,0.3888888888888889
0.42976972,0.05555555555555555
0.4896751,0.1388888888888889
0.36998445,0.2777777777777778
0.5051297,0.3888888888888889
0.659173,0.0
0.3266043,0.2222222222222222
0.56374866,0.3333333333333333
0.3822236,0.5555555555555556
0.37686032,0.25
0.507169,0.4722222222222222
0.5268701,0.3888888888888889
0.3495042,0.2777777777777778
0.32763922,0.19444444444444445
0.69654673,0.5
0.3296062,0.25
0.43874878,0.3611111111111111
0.74064976,0.4722222222222222
0.9714922,0.6666666666666666
0.7094571,0.2777777777777778
0.1378561,0.1111111111111111
0.3011284,0.19444444444444445
0.57797927,0.75
0.55850065,0.3888888888888889
0.31829104,0.5
0.40865102,0.3611111111111111
0.74331033,0.7222222222222222
0.53045255,0.6944444444444444
0.5495639,0.3055555555555556
0.45158565,0.4722222222222222
0.31776616,0.2222222222222222
0.42764896,0.1388888888888889
0.5563128,0.3055555555555556
0.6461841,0.19444444444444445
0.5417095,0.3333333333333333
0.44137985,0.2222222222222222
0.29406032,0.4444444444444444
0.26833144,0.2777777777777778
0.33383727,0.25
0.6075505,0.3055555555555556
0.50065845,0.5555555555555556
0.3177031,0.4722222222222222
0.43321356,0.3333333333333333
0.67473745,0.6388888888888888
0.50664735,0.3888888888888889
0.27640375,0.3611111111111111
0.9305277,0.7222222222222222
0.44494304,0.3055555555555556
0.4134238,0.6111111111111112
0.6483504,0.3888888888888889
0.20651111,0.25
0.69604784,0.3055555555555556
0.42283213,0.2777777777777778
0.80666834,0.9166666666666666
0.5020141,0.3333333333333333
0.5111734,0.5555555555555556
0.5272906,0.25
0.5240048,0.2777777777777778
0.70138305,0.3055555555555556
0.71746945,0.8888888888888888
0.5767041,0.19444444444444445
0.5151548,0.3333333333333333
0.4425672,0.2777777777777778
0.28670454,0.3055555555555556
0.43895414,0.3333333333333333
0.5043597,0.4722222222222222
0.8030896,0.2777777777777778
0.44008726,0.25
0.18393591,0.3888888888888889
0.47699386,0.4444444444444444
0.45105585,0.4166666666666667
0.48141357,0.6944444444444444
0.38598213,0.4444444444444444
0.5083798,0.2777777777777778
0.32250378,0.3611111111111111
0.4173284,0.25
0.56888217,0.2777777777777778
0.70606524,0.4722222222222222
0.29450867,0.6111111111111112
0.31292796,0.3888888888888889
0.23164728,0.16666666666666666
0.37483647,0.3333333333333333
0.19070691,0.16666666666666666
0.47957426,0.3888888888888889
0.5378505,0.3333333333333333
0.39696485,0.2777777777777778
0.33230245,0.5277777777777778
0.441783,0.08333333333333333
0.31449375,0.4166666666666667
0.40820637,0.3611111111111111
0.47996694,0.5277777777777778
0.5119432,0.25
0.28479403,0.3888888888888889
0.43632728,0.3333333333333333
0.77086467,0.5277777777777778
0.26637834,0.4166666666666667
0.38704735,0.4722222222222222
0.5987564,0.5
0.5604705,0.4166666666666667
0.38584507,0.5
0.30376947,0.3055555555555556
0.50721633,0.2222222222222222
0.58064276,0.16666666666666666
0.8349664,0.5
0.15523492,0.3055555555555556
0.7659339,0.3055555555555556
0.34185368,0.25
0.5986431,0.5277777777777778
0.5545909,0.4722222222222222
0.3006994,0.3055555555555556
0.11516084,0.2222222222222222
0.28616998,0.16666666666666666
0.28268367,0.1388888888888889
0.18292257,0.2222222222222222
0.4283383,0.5555555555555556
0.5578121,0.4722222222222222
0.65147316,0.6111111111111112
0.37255847,0.5277777777777778
0.79319054,0.7222222222222222
0.17111962,0.4722222222222222
0.49794152,0.5277777777777778
0.358619,0.1111111111111111
0.7022339,0.5277777777777778
0.6216866,0.3611111111111111
0.40867984,0.6388888888888888
0.5105936,0.4166666666666667
0.65562135,0.5
0.7296628,0.2777777777777778
0.45447025,0.4722222222222222
0.5331943,0.3055555555555556
0.849406,0.5555555555555556
0.5276732,0.4166666666666667
0.4492358,0.2777777777777778
0.93847775,0.4722222222222222
0.5647496,0.25
0.22308414,0.4722222222222222
0.5208692,0.4166666666666667
0.65035737,0.3888888888888889
0.54847395,0.6111111111111112
0.60504925,0.3055555555555556
0.5300729,0.5
0.3073738,0.05555555555555555
0.33861774,0.19444444444444445
0.042834308,0.3888888888888889
0.47835743,0.3611111111111111
0.3663131,0.3888888888888889
0.572338,0.3888888888888889
0.48587042,0.3611111111111111
0.85364276,0.6944444444444444
0.6695131,0.7222222222222222
0.69511694,0.2222222222222222
0.66327745,0.25
0.432238,0.3055555555555556
0.45021874,0.2222222222222222
0.91063887,0.6111111111111112
0.26221973,0.3333333333333333
0.6074014,0.6944444444444444
0.79801553,0.5833333333333334
0.8595349,0.4722222222222222
0.857233,0.5833333333333334
0.60012263,0.4444444444444444
0.8011154,0.5833333333333334
0.5321577,0.3055555555555556
0.48687032,0.5555555555555556
0.2488404,0.3888888888888889
0.5470399,0.5277777777777778
0.31358686,0.3888888888888889
0.90453655,0.6666666666666666
0.5415431,0.4444444444444444
0.7361616,0.4166666666666667
0.61742055,0.3611111111111111
0.145992,0.5277777777777778
0.7653533,0.6666666666666666
0.38902313,0.3333333333333333
0.5245502,0.3333333333333333
0.43630233,0.19444444444444445
0.24488571,0.08333333333333333
0.40509373,0.05555555555555555
0.4937789,0.3055555555555556
0.36312667,0.2222222222222222
0.38862786,0.4722222222222222
0.57641846,0.3888888888888889
0.63134295,0.4166666666666667
0.42721084,0.2777777777777778
0.8484666,0.75
0.4061191,0.3611111111111111
0.4455605,0.3333333333333333
0.78226805,0.5
0.7520714,0.5833333333333334
0.32108644,0.1111111111111111
0.36511058,0.25
0.13821529,0.4444444444444444
0.51304996,0.5833333333333334
0.45791984,0.19444444444444445
0.21901724,0.1111111111111111
0.35297439,0.3333333333333333
0.56393456,0.3055555555555556
0.3142305,0.6666666666666666
0.5331827,0.3055555555555556
0.42155862,0.5555555555555556
0.46786895,0.2222222222222222
0.6272894,0.3611111111111111
0.36103988,0.2222222222222222
0.45073316,0.3611111111111111
0.48642403,0.5
0.63101566,0.3333333333333333
0.27617523,0.2222222222222222
0.5000468,0.4444444444444444
0.61568874,0.3055555555555556
0.38550833,0.3055555555555556
0.63002294,0.4722222222222222
0.3297132,0.4166666666666667
0.44196287,0.5833333333333334
0.43927845,0.5277777777777778
0.23657942,0.5
0.20502578,0.16666666666666666
0.6025968,0.3611111111111111
0.53997374,0.5
0.26597986,0.3611111111111111
0.4357001,0.5277777777777778
0.4443645,0.3055555555555556
0.58326375,0.8611111111111112
0.10467995,0.3888888888888889
0.93168485,0.8055555555555556
0.3125137,0.3333333333333333
0.20280173,0.4444444444444444
0.47099298,0.4722222222222222
0.42281544,0.3333333333333333
0.5980254,0.2777777777777778
0.3519449,0.3888888888888889
0.33345523,0.3055555555555556
0.43394375,0.3888888888888889
0.3587535,0.3888888888888889
0.34278822,0.5555555555555556
0.35886234,0.027777777777777776
0.14951842,0.4444444444444444
0.3385197,0.5
0.78036815,0.7222222222222222
0.67640716,0.6666666666666666
0.34210867,0.3055555555555556
0.58675796,0.3611111111111111
0.61350393,0.4444444444444444
0.32535666,0.2222222222222222
0.28773525,0.5833333333333334
0.37262934,0.3055555555555556
0.26723963,0.3611111111111111
0.51741093,0.5555555555555556
0.40673122,0.3333333333333333
0.37062475,0.5
0.72171557,0.4166666666666667
0.3369538,0.3055555555555556
0.67722297,0.5
0.59883595,0.4444444444444444
0.4208386,0.3055555555555556
0.6685564,0.4444444444444444
0.4728463,0.5
0.6928764,0.08333333333333333
0.40456384,0.4444444444444444
0.46434525,0.3611111111111111
0.39442655,0.1388888888888889
0.8526821,0.7222222222222222
0.8249054,0.16666666666666666
0.2749649,0.6111111111111112
0.7232556,0.6388888888888888
0.30253688,0.3611111111111111
0.7621658,0.3611111111111111
0.44176272,0.3333333333333333
0.3487743,0.19444444444444445
0.568358,0.3055555555555556
0.83485097,0.7777777777777778
0.3235191,0.5
0.849406,0.5555555555555556
0.51112026,0.19444444444444445
0.34952518,0.3611111111111111
0.39363226,0.3611111111111111
0.45034578,0.6388888888888888
0.50731796,0.3888888888888889
0.4153716,0.3888888888888889
0.5394322,0.4722222222222222
0.5870143,0.5277777777777778
0.2838852,0.2222222222222222
0.49523208,0.4166666666666667
0.6939937,0.6666666666666666
0.15351395,0.3055555555555556
0.27501032,0.3888888888888889
0.32771963,0.1388888888888889
0.6091864,0.5555555555555556
0.45693782,0.4444444444444444
0.48560882,0.3611111111111111
0.94064814,1.0
0.6831931,0.3888888888888889
0.6687696,0.3333333333333333
0.3166009,0.2222222222222222
0.3333697,0.3888888888888889
0.6817493,0.5
0.40903872,0.3055555555555556
0.39286152,0.5
0.19486666,0.3333333333333333
0.48284435,0.3888888888888889
0.8107119,0.4722222222222222
0.5099773,0.2777777777777778
0.51848465,0.25
0.40583155,0.3055555555555556
0.6220916,0.3333333333333333
0.32042298,0.4166666666666667
0.3068601,0.4166666666666667
0.3544759,0.16666666666666666
0.232105,0.2777777777777778
0.43337315,0.3888888888888889
0.71203095,0.6388888888888888
0.4898681,0.4444444444444444
0.4670968,0.5555555555555556
0.5884566,0.4722222222222222
0.427067,0.3611111111111111
0.47805893,0.2777777777777778
0.2673242,0.3611111111111111
0.42709842,0.3333333333333333
0.7977499,0.5833333333333334
0.2634726,0.4166666666666667
0.25637564,0.19444444444444445
0.24468718,0.3333333333333333
0.6841869,0.5277777777777778
0.37228373,0.3611111111111111
0.3867358,0.3333333333333333
0.20021431,0.2222222222222222
0.49666426,0.2222222222222222
0.5157276,0.4166666666666667
0.5717557,0.2777777777777778
0.2811508,0.16666666666666666
0.5597369,0.3333333333333333
0.54540443,0.2777777777777778
0.64387894,0.4166666666666667
0.77494025,0.7222222222222222
0.57723814,0.5555555555555556
0.40133795,0.5555555555555556
0.49900505,0.25
0.21028703,0.3055555555555556
0.47265813,0.3333333333333333
0.6028733,0.5833333333333334
0.3480999,0.2222222222222222
0.28813425,0.25
0.32627255,0.3055555555555556
0.23388225,0.2222222222222222
0.42200318,0.19444444444444445
0.4938852,0.2777777777777778
0.30393884,0.3055555555555556
0.48122376,0.4722222222222222
0.48699635,0.3611111111111111
0.62740415,0.3888888888888889
0.44207585,0.6111111111111112
0.6035877,0.3888888888888889
0.5761502,0.25
0.29173815,0.4722222222222222
0.19260943,0.5555555555555556
0.42246884,0.5
0.27787647,0.7222222222222222
0.377737,0.1111111111111111
0.36356798,0.4722222222222222
0.27768826,0.4722222222222222
0.3048753,0.2777777777777778
0.2912915,0.5
0.5448659,0.4444444444444444
0.48463762,0.3888888888888889
0.5687451,0.4166666666666667
0.41102707,0.3888888888888889
0.25644043,0.4444444444444444
0.4954208,0.3888888888888889
0.5470807,0.5833333333333334
0.38631856,0.2777777777777778
0.62419224,0.6111111111111112
0.893951,0.4166666666666667
0.16621464,0.16666666666666666
0.42349964,0.16666666666666666
0.75251144,0.6944444444444444
0.21245816,0.4444444444444444
0.52002895,0.19444444444444445
0.5046972,0.3333333333333333
0.5278634,0.6944444444444444
0.42539155,0.19444444444444445
0.44581643,0.5
0.5863415,0.3333333333333333
0.6242415,0.3333333333333333
0.38816386,0.6111111111111112
0.24162768,0.2777777777777778
0.3338898,0.3333333333333333
0.510511,0.6944444444444444
0.3076729,0.3888888888888889
0.7749333,0.6111111111111112
0.45429528,0.4444444444444444
0.59626824,0.1388888888888889
0.35833237,0.4166666666666667
0.42634824,0.2777777777777778
0.5344933,0.2222222222222222
0.7444425,0.7777777777777778
0.55961484,0.1388888888888889
0.72783494,0.6944444444444444
0.3752844,0.3333333333333333
0.49718693,0.1111111111111111
0.593813,0.4444444444444444
0.49813834,0.3888888888888889
0.49501795,0.3333333333333333
0.3480623,0.6944444444444444
0.73406655,0.4166666666666667
0.34547055,0.3055555555555556
0.35188746,0.19444444444444445
0.2617169,0.25
0.38781118,0.16666666666666666
0.49333626,0.2222222222222222
0.3676144,0.1111111111111111
0.8315802,0.6666666666666666
0.52704984,0.3888888888888889
0.4970546,0.3611111111111111
0.38492545,0.6388888888888888
0.5213498,0.8333333333333334
0.37531424,0.3888888888888889
0.28888303,0.3611111111111111
0.4877134,0.4444444444444444
0.6198168,0.5833333333333334
0.5690214,0.1388888888888889
0.62806916,0.7222222222222222
0.527833,0.2777777777777778
0.4518228,0.5277777777777778
0.33989665,0.1388888888888889
0.719973,0.5
0.6746479,0.3611111111111111
0.41771758,0.5833333333333334
0.23956081,0.6111111111111112
0.4624328,0.1111111111111111
0.4321376,0.6388888888888888
0.30188593,0.5
0.67709345,0.5
0.9146291,0.9166666666666666
0.30575025,0.3055555555555556
0.5353912,0.4444444444444444
0.7068675,0.4444444444444444
0.25175714,0.6388888888888888
0.31956527,0.19444444444444445
0.5667613,0.3333333333333333
0.30953974,0.1388888888888889
0.4828794,0.5555555555555556
0.5275864,0.4444444444444444
0.39929202,0.2222222222222222
0.6143861,0.6388888888888888
0.49132407,0.6388888888888888
0.4410629,0.2222222222222222
0.52243453,0.5277777777777778
0.7313409,0.6388888888888888
0.3449976,0.3055555555555556
0.40117943,0.1388888888888889
0.42539155,0.19444444444444445
0.22471811,0.1111111111111111
0.41340554,0.1111111111111111
0.4495403,0.19444444444444445
0.531585,0.5
0.49101096,0.3611111111111111
0.26515812,0.2777777777777778
0.26355195,0.3888888888888889
0.45783213,0.19444444444444445
0.74773353,0.6666666666666666
0.7061868,0.3333333333333333
0.26763716,0.3611111111111111
0.6888906,0.3888888888888889
0.14134577,0.2222222222222222
0.28665122,0.3055555555555556
0.32507354,0.08333333333333333
0.4875978,0.3888888888888889
0.30759844,0.25
0.7224714,0.7777777777777778
0.59120375,0.5277777777777778
0.31150734,0.4166666666666667
0.4779311,0.5
0.75105035,0.3611111111111111
0.54449165,0.3888888888888889
0.46994704,0.19444444444444445
0.46855658,0.25
0.7051302,0.6111111111111112
0.4245523,0.4722222222222222
0.56158143,0.3888888888888889
0.45209286,0.2222222222222222
0.5962496,0.1111111111111111
0.37383482,0.3611111111111111
0.8097335,0.6388888888888888
0.46849605,0.3611111111111111
0.9025915,0.3333333333333333
0.30925483,0.25
0.24039279,0.5
0.38524035,0.2777777777777778
0.5765226,0.4722222222222222
0.52439624,0.3611111111111111
0.19687784,0.5833333333333334
0.36955914,0.1111111111111111
0.20245925,0.1388888888888889
0.51304996,0.5833333333333334
0.30291098,0.2777777777777778
0.56462574,0.3055555555555556
0.39888987,0.3333333333333333
0.50541645,0.08333333333333333
0.42665368,0.4444444444444444
0.49598995,0.3333333333333333
0.79097074,0.4722222222222222
0.46645337,0.3055555555555556
0.59432524,0.5555555555555556
0.7486322,0.7222222222222222
0.39786598,0.5555555555555556
0.36245567,0.3333333333333333
0.4223202,0.3611111111111111
0.4355109,0.3055555555555556
0.81474185,0.75
0.32491463,0.3611111111111111
0.62149876,0.4722222222222222
0.31684446,0.3333333333333333
0.44809264,0.3888888888888889
0.618179,0.3333333333333333
0.52953386,0.25
0.5108712,0.4444444444444444
0.58163404,0.3333333333333333
0.5238012,0.6111111111111112
0.34502232,0.3055555555555556
0.5148327,0.2777777777777778
0.3673963,0.05555555555555555
0.44591168,0.25
0.42656657,0.4722222222222222
0.40467364,0.3333333333333333
0.50473946,0.7222222222222222
0.37815624,0.16666666666666666
0.9717858,0.6388888888888888
0.56679374,0.1388888888888889
0.63275564,0.4444444444444444
0.42584142,0.4722222222222222
0.35971513,0.3333333333333333
0.4388682,0.1388888888888889
0.26723963,0.3611111111111111
0.72122425,0.5277777777777778
0.39923227,0.16666666666666666
0.26323074,0.5833333333333334
0.39281225,0.3333333333333333
0.35759106,0.3055555555555556
0.37897596,0.5
0.58002985,0.5555555555555556
0.44626233,0.5833333333333334
0.5657336,0.5833333333333334
0.5418015,0.25
0.55150694,0.3888888888888889
0.5987321,0.3888888888888889
0.40597886,0.3055555555555556
0.45775187,0.2777777777777778
0.48643622,0.5
0.3590436,0.25
0.29913905,0.4722222222222222
0.36581266,0.4722222222222222
0.60416114,0.4444444444444444
0.19375217,0.5555555555555556
0.59814453,0.2777777777777778
0.338543,0.3333333333333333
0.71219647,0.4722222222222222
0.29802778,0.25
0.37368277,0.2222222222222222
0.1374641,0.25
0.5381845,0.75
0.559849,0.8055555555555556
0.4309066,0.3888888888888889
0.5116579,0.5833333333333334
0.31995508,0.3055555555555556
0.35671294,0.6111111111111112
0.24900007,0.3333333333333333
0.5516982,0.5
0.43003574,0.6388888888888888
0.6649837,0.6111111111111112
0.48492253,0.5277777777777778
0.74409187,0.6111111111111112
0.33064494,0.3333333333333333
0.2789473,0.4722222222222222
0.719008,0.75
0.5548103,0.4722222222222222
0.6589473,0.5555555555555556
0.29552767,0.3333333333333333
0.3769764,0.3333333333333333
0.20448314,0.16666666666666666
0.7826218,0.7777777777777778
0.5415753,0.3888888888888889
0.7456388,0.3888888888888889
0.33221823,0.16666666666666666
0.3666113,0.5833333333333334
0.6759389,0.25
0.4551557,0.6388888888888888
0.45552987,0.3888888888888889
0.37458628,0.4722222222222222
0.48386136,0.4166666666666667
0.7817134,0.6111111111111112
0.49479076,0.3611111111111111
0.8873997,0.7777777777777778
0.6334158,0.5277777777777778
0.31829205,0.19444444444444445
0.78757983,0.6388888888888888
0.8260415,0.6944444444444444
0.5297383,0.0
0.7908771,0.5
0.4409473,0.4444444444444444
0.32073173,0.5
0.31378904,0.1111111111111111
0.31172827,0.4166666666666667
0.6917441,0.5
0.4116108,0.1388888888888889
0.62376255,0.25
0.63316315,0.5
0.64494574,0.3611111111111111
0.6636202,0.5555555555555556
0.8445943,0.6944444444444444
0.8065964,0.5277777777777778
0.29669937,0.2777777777777778
0.36619082,0.2222222222222222
0.58878565,0.3611111111111111
0.7157079,0.6388888888888888
0.31393084,0.4722222222222222
0.32303795,0.16666666666666666
0.31775373,0.19444444444444445
0.6936629,0.4722222222222222
0.3423117,0.3611111111111111
0.7767965,0.3333333333333333
0.42237177,0.3333333333333333
0.55355364,0.25
0.7724381,0.75
0.67900825,0.7222222222222222
0.38422656,0.3055555555555556
0.32961506,0.3888888888888889
0.3295272,0.25
0.59426415,0.19444444444444445
0.4948812,0.3611111111111111
0.3659112,0.2777777777777778
0.477395,0.5277777777777778
0.70536023,0.3055555555555556
0.34432507,0.5555555555555556
0.43160477,0.3888888888888889
0.6860697,0.4444444444444444
0.36449507,0.5
0.48820546,0.3611111111111111
0.67253995,0.4722222222222222
0.36040556,0.6111111111111112
0.26993448,0.3611111111111111
0.66878766,0.4722222222222222
0.31164995,0.4166666666666667
0.27409697,0.2222222222222222
0.46560842,0.16666666666666666
0.38316414,0.25
0.4717204,0.3888888888888889
0.61136377,0.5833333333333334
0.40058404,0.4444444444444444
0.8436591,0.4166666666666667
