Normalized_SSIM_Score,Normalized_SS_Score
0.3739285052360396,0.05555555555555555
0.43407250159504335,0.2222222222222222
0.4293756775590086,0.4166666666666667
0.6062048469813591,0.2777777777777778
0.5015090186863934,0.1111111111111111
0.7405596084200821,0.2222222222222222
0.46935416567661414,0.4722222222222222
0.35662668796295444,0.4166666666666667
0.32760028199216,0.4722222222222222
0.6436181317490881,0.2777777777777778
0.5549304744698859,0.3888888888888889
0.5365694850044833,0.19444444444444445
0.5116323784343875,0.3333333333333333
0.5690673852763714,0.1111111111111111
0.37795067729161347,0.7777777777777778
0.5041626709966923,0.08333333333333333
0.3599166615444774,0.4444444444444444
0.18020819313019693,0.05555555555555555
0.5702785343317014,0.3055555555555556
0.5380200960130489,0.4722222222222222
0.4980584244984721,0.3611111111111111
0.44378525338278757,0.2777777777777778
0.5664222767716963,0.16666666666666666
0.2563605557352984,0.25
0.5725993161947307,0.5833333333333334
0.46626486625040603,0.3611111111111111
0.4001084118119127,0.027777777777777776
0.28784853812571326,0.2777777777777778
0.21836576042855235,0.08333333333333333
0.4246319420001571,0.2777777777777778
0.5674040000303384,0.3888888888888889
0.0,0.5277777777777778
0.3630165239317136,0.16666666666666666
0.15709854087884478,0.5277777777777778
0.5298741447274194,0.19444444444444445
0.45045171228294434,0.5833333333333334
0.5104855654837975,0.2222222222222222
0.5372383390896248,0.19444444444444445
0.23516417514528482,0.3888888888888889
0.5921680174867011,0.6666666666666666
0.5650984647762932,0.75
0.29801404897090433,0.3888888888888889
0.3305364513660203,0.3888888888888889
0.5147439413738563,0.19444444444444445
0.44183639871704944,0.2777777777777778
0.4381865547954146,0.4722222222222222
0.6320830213481167,0.3611111111111111
0.24868947878099723,0.08333333333333333
0.39170903959403763,0.3055555555555556
0.6052985058682012,0.3055555555555556
0.512451957579601,0.4444444444444444
0.17781093238099444,0.5833333333333334
0.22290425467809927,0.6666666666666666
0.3447135700817102,0.1388888888888889
0.6372728566355779,0.3611111111111111
0.48803000097390936,0.2222222222222222
0.3547465479134161,0.4722222222222222
0.9301748054415537,0.3055555555555556
0.4801143979301086,0.5555555555555556
0.5114190947611826,0.3333333333333333
0.0931081279221025,0.3888888888888889
0.17578268296942162,0.3055555555555556
0.39993991868181317,0.5833333333333334
0.4819622398081468,0.5277777777777778
0.3373886716522918,0.4444444444444444
0.15948525549873155,0.4444444444444444
0.4764089551218332,0.7222222222222222
0.2824405757861725,0.2777777777777778
0.1442515775655613,0.1388888888888889
0.2630382397724434,0.3333333333333333
0.2575647972938941,0.8055555555555556
0.2515314734653068,0.08333333333333333
0.20109276133577103,0.2222222222222222
0.576411471101579,0.5833333333333334
0.5050353780372182,0.5
0.4592834724766989,0.1111111111111111
0.4443666290274815,0.2777777777777778
0.25768028662020787,0.2222222222222222
0.45558706252796316,0.4444444444444444
0.5706492620568666,0.6388888888888888
0.37951268225432,0.2777777777777778
0.4975000087579669,0.2222222222222222
0.04203755401120635,0.2222222222222222
0.29899608147529727,0.4166666666666667
0.5802588159855057,0.7222222222222222
0.34493317134548596,0.2222222222222222
0.5223207067261595,0.2222222222222222
0.13232548827160637,0.3333333333333333
0.37312402854743904,0.2222222222222222
0.2633923014995003,0.3333333333333333
0.346954956812406,0.3055555555555556
0.4177201611046214,0.2777777777777778
0.20588021439831433,0.19444444444444445
0.7237266961244473,0.3888888888888889
0.3379030317125319,0.2777777777777778
0.5840642523555416,0.16666666666666666
0.238014396903062,0.1111111111111111
0.2598732971262519,0.5277777777777778
0.13110543509869033,0.3611111111111111
0.40854381846495036,0.25
0.49641521999902916,0.19444444444444445
0.2772840883844831,0.2222222222222222
0.21053833955156068,0.25
0.6130453124458896,0.6111111111111112
0.4096500115328282,0.75
1.0,0.6944444444444444
0.27827766885213373,0.19444444444444445
0.43436097441622923,0.3055555555555556
0.2447936588640202,0.3611111111111111
0.509502044177611,0.2777777777777778
0.4216130700595619,0.2222222222222222
0.5324711823231038,0.3055555555555556
0.1971960315345343,0.3888888888888889
0.9067821137653541,0.2222222222222222
0.26465297301983837,0.3888888888888889
0.1844374089581289,0.5277777777777778
0.6092604142671267,0.4444444444444444
0.278955469334128,0.1388888888888889
0.15257668904398194,0.5277777777777778
0.2174557358673651,0.5
0.833280099593308,0.6666666666666666
0.4808221287054,0.2222222222222222
0.4122724766212816,0.5277777777777778
0.31772041439686616,0.25
0.5040978216910963,0.1111111111111111
0.38334799132803543,0.3888888888888889
0.9432783954513165,0.9444444444444444
0.3248722347918075,0.19444444444444445
0.9185333303493134,0.3333333333333333
0.3428582264700431,0.4166666666666667
0.12908402202193434,0.4166666666666667
0.44071790554304513,0.16666666666666666
0.3935065296068946,0.5833333333333334
0.5650565924580944,0.05555555555555555
0.4245246004421799,0.16666666666666666
0.04339980126392905,0.25
0.5467578872388562,0.3055555555555556
0.2149511884541619,0.3888888888888889
0.6105539867831943,0.2222222222222222
0.5099193510229443,0.2777777777777778
0.2878890602216124,0.05555555555555555
0.3223209723462641,0.2777777777777778
0.41478711220638315,0.4444444444444444
0.5133278119279433,0.3333333333333333
0.6101394204663232,0.3333333333333333
0.2102017185210739,0.25
0.3141557636166875,0.2222222222222222
0.05035003382201799,0.4166666666666667
0.2180983389381232,0.3611111111111111
0.29972308724320157,0.1388888888888889
0.5235772496028269,0.19444444444444445
0.4483688760285175,0.3055555555555556
0.9293498125288807,0.6944444444444444
0.4148986670412589,0.19444444444444445
0.4457396847263971,0.2777777777777778
0.3850048806835295,0.3611111111111111
0.15381286338252181,0.3611111111111111
0.15445884521766423,0.1111111111111111
0.44733679929584436,0.3333333333333333
0.4541374045707236,0.3888888888888889
0.31581376646312637,0.16666666666666666
0.5649610575640477,0.3888888888888889
0.4951603238145994,0.4166666666666667
0.4024497678977883,0.5277777777777778
0.044692159803160304,0.05555555555555555
0.1082555221363438,0.19444444444444445
0.5230675812909641,0.19444444444444445
0.5194362920136363,0.19444444444444445
0.3209107161989775,0.19444444444444445
0.4070143081873403,0.05555555555555555
0.864086539311078,0.2777777777777778
0.2213736232023931,0.1388888888888889
0.367671254172325,0.3055555555555556
0.8780112123651777,1.0
0.3389165301493566,0.3888888888888889
0.3894878461498839,0.4722222222222222
0.25270592366361483,0.3888888888888889
0.32506656205803536,0.5
0.486487297670156,0.6111111111111112
0.44669830760433493,0.6666666666666666
0.18415974626681167,0.3333333333333333
0.4390504318565447,0.2777777777777778
0.30416689546638187,0.3611111111111111
0.5270762461321908,0.6111111111111112
0.4168986778129168,0.5
0.24531860996117683,0.08333333333333333
0.29515523459338067,0.1111111111111111
0.3617726224956476,0.4166666666666667
0.4851813717073425,0.3611111111111111
0.2998346111062169,0.1388888888888889
0.45294545340501297,0.25
0.5642765121164498,0.4444444444444444
0.49353063672421593,0.19444444444444445
0.3722045334584134,0.19444444444444445
0.21095231430356157,0.2222222222222222
0.3602614105220706,0.2222222222222222
0.3928467837476997,0.4444444444444444
0.4472691885802871,0.4166666666666667
0.6189877912600646,0.5555555555555556
0.32036461009894346,0.19444444444444445
0.501980070835573,0.16666666666666666
0.3693486414056396,0.16666666666666666
0.33240525882460775,0.1111111111111111
0.6408777186170942,0.3333333333333333
0.18006724929842763,0.25
0.63974421361372,0.3055555555555556
0.3005478254644451,0.5833333333333334
0.5134769162365705,0.19444444444444445
0.4534323647210032,0.3333333333333333
0.5856659753665387,0.3888888888888889
0.603605853911085,0.8055555555555556
0.031127441237876242,0.3055555555555556
0.25745412924288996,0.5
0.545038771699024,0.6388888888888888
0.7995113438222392,0.4444444444444444
0.36677146432723423,0.16666666666666666
0.2934877054604409,0.4444444444444444
0.47781678693692003,0.5
0.2155282293849462,0.2777777777777778
0.449732044095337,0.3055555555555556
0.22424853248544124,0.4722222222222222
0.4511195162610726,0.5
0.29815226030169983,0.19444444444444445
0.4241543588516101,0.2222222222222222
0.1651095127500345,0.3055555555555556
0.4183261038634272,0.3333333333333333
0.3945568460571926,0.4166666666666667
0.22743489919458829,0.08333333333333333
0.07318148416952874,0.2222222222222222
0.2542059557626908,0.6111111111111112
0.5296095937088633,0.2222222222222222
0.36787095687481414,0.25
0.34131707883631546,0.8333333333333334
0.2701994060921976,0.2222222222222222
0.5946599003078296,0.2222222222222222
0.5458395959463456,0.19444444444444445
0.45704463684104313,0.19444444444444445
0.4777236311053736,0.5277777777777778
0.5059776908899045,0.2222222222222222
0.3166024652718884,0.16666666666666666
0.2609007227907725,0.25
0.5148838486477267,0.5
0.6783654182441493,0.5555555555555556
0.41273382179400975,0.2777777777777778
0.08126729305179733,0.5
0.48356339005218585,0.2777777777777778
0.5393629021271222,0.2777777777777778
0.3197592162777322,0.3055555555555556
0.2549854685890272,0.4166666666666667
0.6008107117467517,0.08333333333333333
0.34392614560880813,0.25
0.32913485034478224,0.3888888888888889
0.4833707048159159,0.05555555555555555
0.36620310817003476,0.3333333333333333
0.5383372139089955,0.25
0.15617973420343345,0.4444444444444444
0.3936803981404345,0.4444444444444444
0.20493030580034083,0.6111111111111112
0.40443309797628624,0.6111111111111112
0.36732469580777044,0.6111111111111112
0.4072602973447626,0.4444444444444444
0.8589604431943224,0.2222222222222222
0.6151597776673441,0.3611111111111111
0.09729985498179396,0.2777777777777778
0.20823973692058484,0.16666666666666666
0.3616161510627297,0.25
0.48939999075768464,0.1111111111111111
0.39342931700545075,0.5555555555555556
0.6007426402101355,0.3888888888888889
0.38470392480270665,0.3055555555555556
0.24574831822236373,0.1388888888888889
0.7258438092420153,0.5
0.4864770341528392,0.19444444444444445
0.4318205418148632,0.4166666666666667
0.6505157956660703,0.4444444444444444
0.3067770764299773,0.3055555555555556
0.5471303639732721,0.5
0.12356787582616253,0.3055555555555556
0.5462167132020073,0.3333333333333333
0.34767475871696807,0.19444444444444445
0.5431321512739601,0.19444444444444445
0.30576980656443603,0.3333333333333333
0.20490787953864903,0.3055555555555556
0.54487476500762,0.7222222222222222
0.37401100780035046,0.3888888888888889
0.4700558749556107,0.19444444444444445
0.19047135877374471,0.2222222222222222
0.41570084542731356,0.3888888888888889
0.4531545897024111,0.3888888888888889
0.34775079476399695,0.25
0.17914708110431102,0.3888888888888889
0.6526152661625741,0.3888888888888889
0.12193055080752432,0.4444444444444444
0.48401278142999027,0.4166666666666667
0.35538287368090116,0.5277777777777778
0.5841005308682006,0.19444444444444445
0.5081216789392133,0.4444444444444444
0.5263602875763134,0.0
0.13260794630425987,0.16666666666666666
0.2542104497462012,0.2777777777777778
0.4156075972920935,0.4166666666666667
0.318357093052696,0.3055555555555556
0.46194124994135266,0.7777777777777778
0.2500069659411401,0.5555555555555556
0.608634400190793,0.4166666666666667
0.4779372441204655,0.5555555555555556
0.3315182487192178,0.3611111111111111
0.36853078758754587,0.3888888888888889
0.5151126714226931,0.3333333333333333
0.03259031029148454,0.2777777777777778
0.46650260713043284,0.3888888888888889
0.5022999811019339,0.2222222222222222
0.7286599090325272,0.6388888888888888
0.24116144446012644,0.1388888888888889
0.5637810549308991,0.25
0.22207689001947953,0.5
0.44100586623586907,0.5277777777777778
0.054986906545684625,0.16666666666666666
0.38696753280898644,0.6666666666666666
0.3525688902867085,0.4444444444444444
0.47197811138677004,0.2777777777777778
0.5183343429059725,0.19444444444444445
0.2976296402586639,0.6666666666666666
0.46489025125869093,0.2777777777777778
0.35436505593705997,0.25
0.4649955791149767,0.2222222222222222
0.394844423644159,0.1388888888888889
0.11202566463051389,0.4722222222222222
0.17914708110431102,0.3888888888888889
0.5512707403313852,0.027777777777777776
0.4289889236336583,0.2777777777777778
0.2829291345252197,0.25
0.44230053059910795,0.5277777777777778
0.46467277090231435,0.3333333333333333
0.4388046051599691,0.5277777777777778
0.25282019931400873,0.2222222222222222
0.349779223933234,0.2777777777777778
0.46057985876863383,0.19444444444444445
0.0056254578981353625,0.1388888888888889
0.538761026686642,0.2777777777777778
0.27078961921113126,0.3055555555555556
0.4144848664969921,0.4166666666666667
0.41944010287428585,0.5555555555555556
0.15317022916823153,0.25
0.3636985675947539,0.5
0.10644651862270241,0.4444444444444444
0.5503087860582376,0.19444444444444445
0.4817241340813014,0.19444444444444445
0.4931429655584525,0.3333333333333333
0.40016284727384815,0.1388888888888889
0.3256389581478102,0.1111111111111111
0.49494631919162996,0.75
0.2790875561098049,0.2777777777777778
0.5253259699834529,0.3055555555555556
0.5013573378749897,0.3611111111111111
0.24526959039437393,0.4444444444444444
0.5893698365832007,0.2777777777777778
0.5195286335937396,0.3888888888888889
0.41083910060775414,0.1111111111111111
0.5475937108419646,0.3611111111111111
0.371692405890882,0.3055555555555556
0.5634887139604642,0.19444444444444445
0.5034084741509406,0.3888888888888889
0.46605788584398844,0.2777777777777778
0.8099697825152753,0.3888888888888889
0.1652447636283744,0.25
0.18110823942735843,0.4444444444444444
0.16218052160974364,0.2222222222222222
0.5822325601534715,0.25
0.5932684289888233,0.2222222222222222
0.28566477413937447,0.2222222222222222
0.3681754633024908,0.2777777777777778
0.12420830220860414,0.2777777777777778
0.024957073389423726,0.2777777777777778
0.46470692637638294,0.3055555555555556
0.20671307996492327,0.1111111111111111
0.47320999911197364,0.3055555555555556
0.3900389173208098,0.3888888888888889
0.2253048811449331,0.4166666666666667
0.14898750304739694,0.3055555555555556
0.2641223810941079,0.1388888888888889
0.5068116623338782,0.027777777777777776
0.3964423936267662,0.16666666666666666
0.5042440173331616,0.6944444444444444
0.3082444129659889,0.25
0.2672778655722897,0.16666666666666666
0.5774057819537607,0.4722222222222222
0.24443825950268858,0.3055555555555556
0.27591095119365594,0.3055555555555556
0.11515209346495359,0.08333333333333333
0.3634919777432429,0.2222222222222222
0.5863569939058884,0.2222222222222222
0.29404034138021984,0.4722222222222222
0.30124529119353666,0.3611111111111111
0.29878975007554276,0.25
0.42568698990512327,0.4444444444444444
0.3392070898620082,0.5277777777777778
0.11433515239584686,0.3333333333333333
0.4456675142125445,0.4722222222222222
0.3409149767046547,0.4444444444444444
0.833280099593308,0.6666666666666666
0.3371529785536788,0.4166666666666667
0.4730119794139199,0.2222222222222222
0.6796031391813527,0.4722222222222222
0.6473195987873729,0.3333333333333333
0.8195195329223176,0.6388888888888888
0.5063023938733079,0.8333333333333334
0.23020313743489298,0.19444444444444445
0.43059468243322646,0.3888888888888889
0.11812497824103078,0.1111111111111111
0.24583006711853414,0.3333333333333333
0.3627523473047442,0.3611111111111111
0.29892099970774233,0.19444444444444445
0.41910973291464654,0.5277777777777778
0.5744829187781226,0.16666666666666666
0.25598317237930435,0.16666666666666666
0.1624305710936778,0.3611111111111111
0.287315514175916,0.4444444444444444
0.5480230387178308,0.3611111111111111
0.21931506046820307,0.2777777777777778
0.061180129682217886,0.3055555555555556
0.4453110517300586,0.19444444444444445
0.16097645401774155,0.7777777777777778
0.19420354952251367,0.16666666666666666
0.365062785529569,0.25
0.12743739313835686,0.19444444444444445
0.38043939265864757,0.7222222222222222
0.5512595308940337,0.2777777777777778
0.6618184726787518,0.16666666666666666
0.21780666565680992,0.4722222222222222
0.38058759261090913,0.4722222222222222
0.39587437566797257,0.3333333333333333
0.5217240910682128,0.1388888888888889
0.32473689881746143,0.3333333333333333
0.48228288847763673,0.05555555555555555
0.21710497364938658,0.3888888888888889
0.32482391456071646,0.2777777777777778
0.4084457923803972,0.3611111111111111
0.58826628631086,0.3055555555555556
0.5183508998472482,0.5
0.57081231352941,0.3333333333333333
0.38433687999814187,0.3611111111111111
0.2862026239501196,0.2222222222222222
0.3891113344497423,0.5277777777777778
0.4001021756984454,0.5277777777777778
0.5550512484826386,0.027777777777777776
0.527423225207273,0.027777777777777776
0.256466525275649,0.25
0.79509736485247,0.8888888888888888
0.27049759159150566,0.4722222222222222
0.24313652881093822,0.25
0.5376056010304313,0.3333333333333333
0.3971133389819437,0.16666666666666666
0.5006675950897665,0.0
0.40627901997418775,0.19444444444444445
0.24856560819372003,0.1388888888888889
0.12897366436908902,0.05555555555555555
0.3426355349149796,0.1111111111111111
0.2976296402586639,0.6666666666666666
0.43747636742634666,0.5277777777777778
0.6707354618429116,0.4444444444444444
0.97397417451637,0.6944444444444444
0.601981413319375,0.6111111111111112
0.3901115423074686,0.4444444444444444
0.37411500091436284,0.3333333333333333
0.5554087721952881,0.3055555555555556
0.3108138607361094,0.25
0.5848132496934398,0.3888888888888889
0.3785428804182089,0.19444444444444445
0.4562784976165277,0.19444444444444445
0.514316337886809,0.1111111111111111
0.8775925245557424,0.6111111111111112
0.5334237447709773,0.4166666666666667
0.629923563893695,0.08333333333333333
0.35197868316728387,0.05555555555555555
0.40349441715889833,0.3333333333333333
0.5466642544848711,0.3333333333333333
0.5072306105011815,0.08333333333333333
0.04129021294872719,0.16666666666666666
0.19605299739340393,0.1111111111111111
0.07295775403697514,0.5555555555555556
0.42498766294272206,0.16666666666666666
0.33346703660928684,0.5
0.18003268937135908,0.3333333333333333
0.3244699076565705,0.19444444444444445
0.2586019676711445,0.25
0.129175242565269,0.4444444444444444
0.531079754315755,0.1111111111111111
0.32799056134923743,0.2222222222222222
0.3778734519853103,0.4166666666666667
0.1586797362941458,0.4166666666666667
0.444137700885883,0.19444444444444445
0.4612392425685479,0.2777777777777778
0.3933496184635865,0.1388888888888889
0.19295950640111914,0.25
0.37297911028262304,0.0
0.25848382606819564,0.4444444444444444
0.3912541676399722,0.1111111111111111
0.4112205488921082,0.1388888888888889
0.3265897307266768,0.2222222222222222
0.550392768253644,0.75
0.21209788144383362,0.4444444444444444
0.32769829804733064,0.3333333333333333
0.46190239466750016,0.1388888888888889
0.43487653093560114,0.3333333333333333
0.9145272958423426,0.6388888888888888
0.6715817944781225,0.5
0.25975351130703533,0.3055555555555556
0.425631286963903,0.3611111111111111
0.4834530419012046,0.3888888888888889
0.34473920796352825,0.9444444444444444
0.40924179489055174,0.4166666666666667
0.39328738514898876,0.3333333333333333
0.7803355621830759,0.25
0.44108906941903236,0.3888888888888889
0.46829765329373185,0.3333333333333333
0.2414466557893294,0.16666666666666666
0.27103703461860024,0.16666666666666666
0.2972933519597824,0.2222222222222222
0.22055162099961392,0.25
0.4482714306796694,0.4444444444444444
0.21766756604041151,0.3333333333333333
0.49296486913935855,0.25
0.5034403002672769,0.3611111111111111
0.2598732971262519,0.5277777777777778
0.7996964537912293,0.3888888888888889
0.33130789757804113,0.3611111111111111
0.444578901136712,0.5
0.3640382207470729,0.3333333333333333
0.4016205608652241,0.3055555555555556
0.4015397849990394,0.3055555555555556
0.2613374259045066,0.19444444444444445
0.6235739254003523,0.5
0.5220999517506854,0.3055555555555556
0.5844043724384719,0.19444444444444445
0.24826146904568674,0.4444444444444444
0.3203538439935415,0.2777777777777778
0.39028726467139524,0.3055555555555556
0.27233356434063105,0.3055555555555556
0.27056962789585887,0.25
0.2093114145077655,0.027777777777777776
0.6357781185297339,0.4722222222222222
0.09959845358273667,0.3888888888888889
0.2766118008840751,0.2777777777777778
0.289107066606366,0.08333333333333333
0.5153807700265131,0.4444444444444444
0.7517563520015879,0.5555555555555556
0.3175268192118373,0.2222222222222222
0.3428135240634317,0.2222222222222222
0.46563792748323884,0.5
0.31891119134604357,0.3333333333333333
0.251550334779916,0.2777777777777778
0.4507277724203286,0.3055555555555556
0.39980538709631025,0.5277777777777778
0.3299983233659515,0.05555555555555555
0.5018955551074706,0.3888888888888889
0.5570436898226897,0.2777777777777778
0.4054880928878229,0.2777777777777778
0.39309900051435764,0.16666666666666666
0.23819612894490874,0.4722222222222222
0.21535692338225373,0.2777777777777778
0.5239892372548715,0.25
0.37218312361309763,0.5277777777777778
0.1767777214579982,0.4166666666666667
0.31562449856075786,0.5277777777777778
0.15262821216903233,0.08333333333333333
0.33440700704183696,0.2777777777777778
0.5707520745177519,0.16666666666666666
0.35622508589146806,0.2222222222222222
0.6054529828965046,0.4444444444444444
0.40455237958186596,0.4166666666666667
0.47986194694648054,0.3611111111111111
0.3059750404031377,0.3333333333333333
0.2549611961837881,0.4444444444444444
0.5241434693369393,0.19444444444444445
0.35049308884654623,0.5277777777777778
0.5799083699454235,0.3333333333333333
0.5204743179945648,0.25
0.3282692938358378,0.1388888888888889
0.3142229757263722,0.4722222222222222
0.40259339713925263,0.3333333333333333
0.5284559409233839,0.3055555555555556
0.2827791466605593,0.4722222222222222
0.7554990451879848,0.3333333333333333
0.13282763820521148,0.4444444444444444
0.4151724425001407,0.3888888888888889
0.3862828592728573,0.4166666666666667
0.45306452236512695,0.3333333333333333
0.43729231386084405,0.3888888888888889
0.5290873578948946,0.1388888888888889
0.5860977861274731,0.3055555555555556
0.39706667324612516,0.25
0.1786297158661001,0.25
0.21035908126722455,0.25
0.47096620139693596,0.5
0.3276553919033242,0.5555555555555556
0.3955632006698403,0.4166666666666667
0.45940869679877594,0.5555555555555556
0.17988644545098936,0.3055555555555556
0.2876760501519339,0.3333333333333333
0.27601764577591686,0.3611111111111111
0.2564860849999602,0.4444444444444444
0.8498421473761837,0.6111111111111112
0.3644835994811509,0.3055555555555556
0.6130922969037748,1.0
0.35477924252292103,0.5277777777777778
0.5067541673524724,0.5
0.41139726468779103,0.19444444444444445
0.438472891129045,0.2777777777777778
0.3495488064425841,0.3611111111111111
0.05797495614294826,0.19444444444444445
0.2422433462707646,0.3888888888888889
0.4325334895447566,0.4444444444444444
0.32883270444292734,0.3611111111111111
0.5081511917570259,0.2777777777777778
0.8838036333957263,0.4444444444444444
0.2630277989090743,0.4166666666666667
0.3969643394722334,0.4166666666666667
0.21053833955156068,0.25
0.21719979979741014,0.3055555555555556
0.5280920621541976,0.4166666666666667
0.2501159194103342,0.3333333333333333
0.5674343764254909,0.3333333333333333
0.5223220529835523,0.3888888888888889
0.29384720894845545,0.3611111111111111
0.2834347442898796,0.3611111111111111
0.3852291557827411,0.3333333333333333
0.16005901604376532,0.3611111111111111
0.6292867455502005,0.7222222222222222
0.31559380051276553,0.2777777777777778
0.44013684766351485,0.4444444444444444
0.5107953517809437,0.3333333333333333
0.23965687155100146,0.19444444444444445
0.6935508297786285,0.3888888888888889
0.4441841925943212,0.1111111111111111
0.35383989092164003,0.6111111111111112
0.7116236052887795,0.2777777777777778
0.47945041804649563,0.3333333333333333
0.1429257600903316,0.1111111111111111
0.35701362327035574,0.2222222222222222
0.44047189802652664,0.2777777777777778
0.592754202826138,0.4166666666666667
0.45737093821081876,0.3888888888888889
0.3070197226190381,0.25
0.40404554129396286,0.1388888888888889
0.6600220794946713,0.25
0.524120998036861,0.2777777777777778
0.0565021972980528,0.16666666666666666
0.527423225207273,0.027777777777777776
0.024726431236547042,0.3055555555555556
0.5558423172649742,0.5555555555555556
0.5414780134152533,0.3055555555555556
0.05486061017880694,0.3611111111111111
0.7363835900383492,0.6666666666666666
0.5466010734943766,0.3888888888888889
0.3217338222710185,0.19444444444444445
0.6413663007855821,0.6666666666666666
0.3225321743652243,0.3611111111111111
0.2857882141257889,0.1388888888888889
0.43472838904865757,0.5
0.2803376335895752,0.2222222222222222
0.8265996547722568,0.5833333333333334
0.5052825726289208,0.3333333333333333
0.5334931229041411,0.3888888888888889
0.40811356364643575,0.3055555555555556
0.30416689546638187,0.3611111111111111
0.39794745983267393,0.4166666666666667
0.4200048115026114,0.3888888888888889
0.35611298193597646,0.3333333333333333
0.42370161095534087,0.4444444444444444
0.3877655098205989,0.3611111111111111
0.2876256472920736,0.6944444444444444
0.36081796216744316,0.3333333333333333
0.32456990485288656,0.3611111111111111
0.30538399538322053,0.5833333333333334
0.20142863826984253,0.4722222222222222
0.5645691034994842,0.2777777777777778
0.5657966787585264,0.4444444444444444
0.46946047096484755,0.5277777777777778
0.5979852099075479,0.16666666666666666
0.19480770754156496,0.19444444444444445
0.3422696648855973,0.3611111111111111
0.16557948115297744,0.2222222222222222
0.510574796492521,0.3888888888888889
0.15953903197064015,0.16666666666666666
0.5694414182089224,0.4166666666666667
0.2501122904998571,0.3055555555555556
0.25501898955808927,0.25
0.32630273880817634,0.4166666666666667
0.3506993776811542,0.4444444444444444
0.4233374900947881,0.4166666666666667
0.3605977993455912,0.3055555555555556
0.3630088310613539,0.1111111111111111
0.5031419498413321,0.3611111111111111
0.16626323673651724,0.19444444444444445
0.4057736932005644,0.3888888888888889
0.2905118136181456,0.16666666666666666
0.38324880031891767,0.1388888888888889
0.3113952050162672,0.3611111111111111
0.19397137403413783,0.4166666666666667
0.29181245373636994,0.6388888888888888
0.3654800081504687,0.3333333333333333
0.438656843200601,0.25
0.35426115665071645,0.25
0.1508763820808045,0.6111111111111112
0.18248323624390253,0.2777777777777778
0.49626653573844665,0.3055555555555556
0.4220670835312605,0.3333333333333333
0.601981413319375,0.6111111111111112
0.3682415675243221,0.4444444444444444
0.40028681670713073,0.027777777777777776
0.1898234812888538,0.4166666666666667
0.461438463441558,0.3888888888888889
0.2040968043706765,0.25
0.2149511884541619,0.3888888888888889
0.5118738296164449,0.19444444444444445
0.3071066407009918,0.08333333333333333
0.3833312417831705,0.2777777777777778
0.4827530413942982,0.6388888888888888
0.4486337786864525,0.6666666666666666
0.46472869490030766,0.5833333333333334
0.5325519305940221,0.4166666666666667
0.479007087166664,0.25
0.5373788971189235,0.1111111111111111
0.38735804422087794,0.5833333333333334
0.1759905319377936,0.1388888888888889
0.5290135192938406,0.2222222222222222
0.2401348465580702,0.8055555555555556
0.48801179379796983,0.4444444444444444
0.22621191156874368,0.3611111111111111
0.39554155728971135,0.6111111111111112
0.4802680636202809,0.6111111111111112
0.5230675812909641,0.19444444444444445
0.5949227832250241,0.19444444444444445
0.27171705041678373,0.3888888888888889
0.22893424586028835,0.05555555555555555
0.19261053501501785,0.4444444444444444
0.3634800805576291,0.3888888888888889
0.14631034542923685,0.3611111111111111
0.4796386352948463,0.2222222222222222
0.24433230105192236,0.4166666666666667
0.34870224983514325,0.4166666666666667
0.49204311229080383,0.1111111111111111
0.713170352455957,0.3888888888888889
0.42214438923204267,0.4722222222222222
0.132691799791655,0.05555555555555555
0.5241847189136021,0.19444444444444445
0.5025692022700097,0.4444444444444444
0.6076222951343687,0.4166666666666667
0.24614682694038637,0.4166666666666667
0.43612950807666573,0.5
0.3816295244358645,0.16666666666666666
0.23928774371290007,0.2777777777777778
0.2520424746853171,0.5555555555555556
0.478855241423905,0.5
0.3994973563530942,0.5833333333333334
0.3034449517427781,0.2777777777777778
0.5860132198120449,0.4722222222222222
0.8496291232204649,0.5833333333333334
0.1082555221363438,0.19444444444444445
0.26844527599474877,0.3611111111111111
0.8954896362532434,0.5277777777777778
0.23934279747958426,0.1111111111111111
0.1592048192853568,0.4722222222222222
0.6472717172562147,0.6111111111111112
0.22698689719626822,0.4722222222222222
0.33390319002571606,0.5555555555555556
0.053203262906254864,0.5833333333333334
0.3919872746535817,0.2777777777777778
0.291499781215855,0.19444444444444445
0.5464684749972504,0.16666666666666666
0.46846667910298245,0.16666666666666666
0.4649121856871072,0.1111111111111111
0.1803178254096408,0.3611111111111111
0.4096533088963856,0.25
0.2901507394454424,0.19444444444444445
0.46861284440319523,0.4444444444444444
0.3560936101685796,0.1388888888888889
0.16047709566809049,0.2222222222222222
0.4955040777873098,0.5833333333333334
0.7466845729304291,0.5555555555555556
0.30673751128151006,0.027777777777777776
0.22446066427899425,0.4166666666666667
0.400271173185793,0.027777777777777776
0.43840111391796754,0.08333333333333333
0.3480047805865753,0.4444444444444444
0.560263557795896,0.3888888888888889
0.030494104155285057,0.3055555555555556
0.5085423411848707,0.5277777777777778
0.30983143107670474,0.25
0.5034634466130563,0.19444444444444445
0.4859068096390079,0.1388888888888889
0.3475567349353962,0.4722222222222222
0.5769436942621023,0.4166666666666667
0.3449944310876546,0.1388888888888889
0.252197489912228,0.6666666666666666
0.39104379723880295,0.6111111111111112
0.37378477212075095,0.3333333333333333
0.2630979849801508,0.16666666666666666
0.5633140623040346,0.5833333333333334
0.18730134641031795,0.4444444444444444
0.4142516328314297,0.4166666666666667
0.4062130536362357,0.4722222222222222
0.30806250267707835,0.16666666666666666
0.2683380320789383,0.3333333333333333
0.2599344393808607,0.4444444444444444
0.6117820823928847,0.7222222222222222
0.3014547777286368,0.2777777777777778
0.8256160252490075,0.4722222222222222
0.6268136646957645,0.3333333333333333
0.19222953162153011,0.2222222222222222
0.23577788103780403,0.08333333333333333
0.5339181388256652,0.3055555555555556
0.30983143107670474,0.25
0.26725456643347006,0.2777777777777778
0.3455743722430322,0.3333333333333333
0.25362996250253533,0.3611111111111111
0.5070818516114606,0.3055555555555556
0.5264776797704225,0.25
0.30064579411332343,0.4722222222222222
0.2268644936356056,0.1388888888888889
0.7734772039839123,0.5833333333333334
0.22931466598562208,0.08333333333333333
0.7302518398994003,0.5833333333333334
0.2518171804108577,0.2777777777777778
0.25941368965908596,0.4722222222222222
0.5538192147111509,0.5
0.3523200161313342,0.16666666666666666
0.10191445876189278,0.3611111111111111
0.4219659641614944,0.19444444444444445
0.35491880861248387,0.8333333333333334
0.5662642971654086,0.25
0.2788147309640302,0.25
0.3085779944009535,0.1111111111111111
0.5284956619625315,0.027777777777777776
0.44494260585570944,0.5
0.2420760407275444,0.2777777777777778
0.28629895948378,0.1388888888888889
0.3836226690356936,0.3333333333333333
0.3953814307063829,0.3333333333333333
0.9392663414215595,0.7222222222222222
0.4246539166703526,0.4722222222222222
0.6141525158013682,0.5555555555555556
0.28145071516847286,0.2777777777777778
0.4846905649351042,0.3611111111111111
0.38756878046838833,0.3888888888888889
0.2515295565450195,0.2777777777777778
0.04339980126392905,0.25
0.6503617872171568,0.5555555555555556
0.5655093911969906,0.2777777777777778
0.5774999105608134,0.6666666666666666
0.35038566767739715,0.4166666666666667
0.3484339892412978,0.25
0.45932530431726215,0.3333333333333333
0.8274085843646151,0.5555555555555556
0.5995547740795265,0.3611111111111111
0.3852804350194283,0.3055555555555556
0.3553584402330719,0.6666666666666666
0.3688863130070189,0.4444444444444444
0.35833429247899035,0.4722222222222222
0.34423693508569736,0.5277777777777778
0.2913263225798544,0.2222222222222222
0.2810504006493334,0.2222222222222222
0.21541201288810108,0.4722222222222222
0.43302221289886045,0.3888888888888889
0.3052041585502174,0.2777777777777778
0.2837344383823783,0.3055555555555556
0.3671177139062362,0.2777777777777778
0.38691588790838066,0.2777777777777778
0.9033651151243351,0.2222222222222222
0.3738432411437728,0.08333333333333333
0.417396023225516,0.5555555555555556
0.5949227832250241,0.19444444444444445
0.5885032583870768,0.4166666666666667
0.4133531829159563,0.3055555555555556
0.4399606453218945,0.3055555555555556
0.4522314260150467,0.2777777777777778
0.11700561560670851,0.3055555555555556
0.2965785133185481,0.2777777777777778
0.4903337988829864,0.6388888888888888
0.18620453721198296,0.6111111111111112
0.5987636313462906,0.25
0.4161989919613179,0.2222222222222222
0.6496819868176211,0.3611111111111111
0.36998437314909305,0.2222222222222222
0.32739214178211,0.3333333333333333
0.476848549904146,0.5
0.5646243964823077,0.5
0.22088159494710302,0.3611111111111111
0.467069743422745,0.4444444444444444
0.484972164008067,0.6111111111111112
0.428041820344321,0.25
0.46930375487834275,0.4722222222222222
0.611668530716953,0.3333333333333333
0.11735214389039304,0.3055555555555556
0.4649220989856971,0.4166666666666667
0.5605875954024749,0.25
0.017222783399941124,0.16666666666666666
0.25686527079887433,0.4166666666666667
0.5912965687677872,0.5833333333333334
0.3524439678831746,0.7222222222222222
0.2922347546542938,0.2222222222222222
0.40765799764883415,0.3055555555555556
0.2740796921168204,0.19444444444444445
0.5388150504547942,0.3333333333333333
0.35968081708711397,0.16666666666666666
0.23568237738378606,0.4722222222222222
0.3321511138206861,0.0
0.632015557621318,0.3888888888888889
0.37757211060079954,0.25
0.4503702906800878,0.4722222222222222
0.3560449163985677,0.5277777777777778
0.3014774450122762,0.2777777777777778
0.6398131111276244,0.16666666666666666
0.5074918273298473,0.5
0.30175120988583126,0.1388888888888889
0.13018924016893843,0.3888888888888889
0.5292253405560825,0.08333333333333333
0.3612392337424981,0.3333333333333333
0.29365684149246685,0.5
0.5305992276737266,0.3888888888888889
0.6444241154574964,0.3888888888888889
0.4500417060968492,0.3888888888888889
0.42707841784223505,0.3611111111111111
0.41757411002115635,0.16666666666666666
0.5661953976234809,0.3333333333333333
0.2560237449152965,0.1111111111111111
0.20930361439604325,0.3611111111111111
0.5548994053784659,0.3333333333333333
0.46757030162126606,0.1111111111111111
0.43543975653253875,0.3333333333333333
0.32813782063238645,0.08333333333333333
0.41345048375424975,0.25
0.5492680690432097,0.3611111111111111
0.187699554792864,0.4722222222222222
0.6676090409980948,0.6944444444444444
0.39705703197632236,0.2222222222222222
0.22329037611983085,0.6111111111111112
0.0477083326692206,0.4444444444444444
0.4832244542038594,0.1111111111111111
0.37459448879264245,0.25
0.16384821930686524,0.4166666666666667
0.24655845212851227,0.25
0.5479150946987897,0.2222222222222222
0.42997722413635986,0.3888888888888889
0.5434178004725724,0.5555555555555556
0.3618835967686486,0.5
0.28918342808905645,0.3888888888888889
0.709659048309478,0.3333333333333333
0.1698387627457964,0.2222222222222222
0.443433453571528,0.1388888888888889
0.46920960481292784,0.5277777777777778
0.4407878274827421,0.19444444444444445
0.43464471706720553,0.19444444444444445
0.38080271972779517,0.3055555555555556
0.7507556247572149,0.6111111111111112
0.6857911625196826,0.5
0.5206963426098943,0.05555555555555555
0.5196315868685464,0.3611111111111111
0.4147041150649793,0.6666666666666666
0.7144635926418049,0.3611111111111111
0.17304993044758601,0.3333333333333333
0.17375082813614284,0.5833333333333334
0.20983945378793123,0.5833333333333334
0.40785600676533756,0.3888888888888889
0.5266198373062798,0.5
0.641974425999235,0.19444444444444445
0.4726565055594536,0.5833333333333334
0.3989627940086001,0.2222222222222222
0.47337472820333854,0.4166666666666667
0.2697919380646432,0.1111111111111111
0.5421108319967591,0.3611111111111111
0.27998239906663885,0.6666666666666666
0.2948275995330122,0.1388888888888889
0.33113854066121184,0.3055555555555556
0.4188451254968102,0.3333333333333333
0.7554729781375206,0.6944444444444444
0.27181071962092174,0.4444444444444444
0.21571398455501503,0.16666666666666666
0.2609007227907725,0.25
0.7220937592452076,0.4166666666666667
0.44488915843791,0.2777777777777778
0.5977917589261734,0.3888888888888889
0.5744214288119964,0.08333333333333333
0.3464834763610941,0.1388888888888889
0.3144568616222292,0.3611111111111111
0.8950117886817283,0.5277777777777778
0.39428850342010635,0.16666666666666666
0.6598360964147867,0.5
0.36049411657538116,0.2222222222222222
0.31745446920546005,0.4722222222222222
0.37519966468070404,0.3055555555555556
0.20733838295745383,0.2777777777777778
0.5838544496193546,0.2777777777777778
0.4915210510542592,0.6388888888888888
0.481407676201344,0.16666666666666666
0.5330934824451491,0.3888888888888889
0.6824192922715389,0.5555555555555556
0.11461854030472156,0.3611111111111111
0.21685507055258368,0.25
