Normalized_SSIM_Score,Normalized_EfficientNet_Similarity
0.30206984262262637,0.2565416
0.7824357906592694,0.99323076
0.3000581633359978,0.13816501
0.6518897719704786,0.16696304
0.15801203801579466,0.13000402
0.5589421778405138,0.17704667
0.46324332543508334,0.31061897
0.17160714502676408,0.026911065
0.34723434505050965,0.31405026
0.6604944782970353,0.18769501
0.3478225926513781,0.17630692
0.4490074499425966,0.53179526
0.559921671037322,0.5434251
0.2366585696567267,0.16454636
0.3792879430904008,0.0904722
0.5489701742835753,0.2267268
0.14863712084121694,0.026780145
0.38747860036855863,0.18493916
0.17459712122102952,0.2544678
0.21225505887512847,0.17457755
0.44730243411065257,0.129246
0.47615202115315947,0.34830582
0.46076120398188264,0.14933194
0.7518256215607071,0.22718374
0.47794755008602413,0.1691277
0.21148460345925657,0.19694614
0.4908749333136605,0.27143535
0.3687003741389934,0.14561568
0.19335265021436868,0.332843
0.2695264326147008,0.2207205
0.4592759147607421,0.14925809
0.3216219485866802,0.20991293
0.4895960519790263,0.17856617
0.24222509500833972,0.1989378
0.060725499822026685,0.14294313
0.4084730084938862,0.24789834
0.38508236348323555,0.12732519
0.44607930579213356,0.078929655
0.1270514718925577,0.076145634
0.2802084718017165,0.33021715
0.36263938346723024,0.4612159
0.3235900903726496,0.14695816
0.34245413967397337,0.08468571
0.43824398129198894,0.19923393
0.8471214957398336,0.68340206
0.6080251207514675,0.550837
0.43332220168554614,0.022664798
0.280660668502616,0.19280078
0.2719497231810399,0.12878877
0.5487615785808014,0.048197202
0.2617044830372341,0.40406892
0.3697710253645727,0.41785115
0.2220535058520064,0.019783663
0.3596507096295044,0.20691383
0.7986920449682777,0.91758716
0.35298033875585555,0.2152099
0.3158299289289177,0.019434173
0.3080868737663237,0.5620931
0.23287484365141986,0.038287174
0.30754910851574707,0.013410064
0.3679890382837307,0.65525895
0.2898985875373,0.16174445
0.10639972903439253,0.017441925
0.40541961008357147,0.011002723
0.585387514777708,0.44091973
0.1353127395559889,0.03132289
0.4714724924807739,0.09534353
0.7956465720705105,0.22724614
0.3716466608461656,0.053934377
0.5132299961957503,0.16913816
0.23197858827363413,0.057992958
0.22950606174044877,0.25523522
0.38854015629891686,0.5941648
0.4997320427250745,0.18911013
0.35218261409512114,0.65565526
0.36973440782320527,0.25732273
0.3508514313372032,0.1949501
0.4992253993379787,0.43204534
0.6036107642080923,0.13401723
0.3011398437769121,0.025081778
0.30492622523178053,0.63452107
0.21358945263940302,0.21850222
0.4236955876888842,0.36406383
0.37279780898215736,0.06683763
0.3449266755684117,0.021825582
0.34512918657264846,0.052077085
0.6518897719704786,0.16696304
0.5217710835667001,0.020959321
0.4592543645997962,0.10229188
0.35010680035250613,0.07449135
0.4312729758523042,0.52234817
0.3048723604186598,0.15006378
0.31043820025676283,0.13286288
0.30594181830934913,0.04868763
0.163921644874624,0.017853966
0.5311207336277075,0.19513188
0.02678204521195003,0.27956623
0.22938311847395865,0.3373787
0.44207698816714935,0.43637127
0.38709045089640526,0.06007492
0.0962923213004651,0.053761225
0.20259869451042872,0.23694554
0.40841423821382605,0.2476615
0.417521868867489,0.06847765
0.29255682535663535,0.87898624
0.2399415287151943,0.031702947
0.24024089875491872,0.09772455
0.31503589625747397,0.26825035
0.05514416570206318,0.24906977
0.4147356985642917,0.062089104
0.3117172025063983,0.017167434
0.49051277638942403,0.30135068
0.2938606695343658,0.35821474
0.23036754510319862,0.031681325
0.17115096568487018,0.088300966
0.3152649495886929,0.21972439
0.5322491004392358,0.45049146
0.44565469223806603,0.021703916
0.02488521444641814,0.15240194
0.29044865667628367,0.28805172
0.3013592709312163,0.29183364
0.46752345053753536,0.33893436
0.30418844132714373,0.0151246935
0.03608419189807377,0.0591997
0.36337389100473844,0.16683134
0.47977604579468675,0.14515133
0.4973776222791083,0.013571926
0.4116649733548926,0.28592995
0.19999564969061118,0.0939881
0.22255189625961233,0.08574868
0.9022206428561416,0.65901554
0.16323447163363491,0.08853716
0.11097297091319172,0.018035652
0.1452008503607686,0.025806041
0.5912961991135511,0.27342927
0.33939343320127546,0.40021762
0.3320092912937988,0.05454936
0.19973717214177147,0.8296514
0.20576376640233113,0.058298375
0.27987423831271213,0.7913211
0.5700534108954891,0.06603517
0.06413644837515403,0.17587127
0.7553609338660175,0.31046975
0.15748097898602828,0.049217347
0.2755057422234291,0.045501035
0.19723040318310978,0.10320774
0.579441373214644,0.26930615
0.5640059541461568,0.24109499
0.3334906005565152,0.2373629
0.21247424237536328,0.18578587
0.41737176375988444,0.16299787
0.25339289631423784,0.014316196
0.41234782121483105,0.13099776
0.4083267686659052,0.0678376
0.25232854847122793,0.081154644
0.5462904098016969,0.54880196
0.16943635949186237,0.05670251
0.3710055679297063,0.2117265
0.4963386919012324,0.21168835
0.10876348850189514,0.03370696
0.18023589130473291,0.0681997
0.49535906009682773,0.43359414
0.34589849483799306,0.11743111
0.2502003339334587,0.27986112
0.40131280014146087,0.027352147
0.42973641925049144,0.006622728
0.10650697461310138,0.4284205
0.3647083583509292,0.18924505
0.31770244364787387,0.08795001
0.1570911539236792,0.18199627
0.37561601328436467,0.43886557
0.2629961395665853,0.33628213
0.5120532016924059,0.12238713
0.2608648746213113,0.2853797
0.8651010633200745,0.53736144
0.6198859122023823,0.19740091
0.8992723821516256,0.34375992
0.3731166041634131,0.3620567
0.48516969395215587,0.10630891
0.42062937471478423,0.23674165
0.025403176389572703,0.2616036
0.14184627172162925,0.023256343
0.1070457468583945,0.05241767
0.8365290333385468,0.24918973
0.2820398208444984,0.07727474
0.188531132254174,0.029465428
0.5070405717729742,0.23134343
0.37521854232689283,0.04176907
0.7237277788070388,0.88948077
0.49149549519482955,0.5521592
0.1184112099613283,0.028414262
0.0,0.05510277
0.28960557763784905,0.27016687
0.15833542230738007,0.08758762
0.27273046748074203,0.39696229
0.24459510222577188,0.06159526
0.3461077889673496,0.047574885
0.5333589381091479,0.66182625
0.3917884601445872,0.10655649
0.22327484880122456,0.089508474
0.23908921865532345,0.021054266
0.5538614226702705,0.746916
0.5597751278797297,0.29972032
0.3433803907398059,0.03903176
0.2648420418648579,0.028604375
0.4480404058368139,0.037373394
0.2138973424060833,0.24051814
0.26849450320824614,0.39466587
0.3447042606419321,0.55883193
0.2059110078048016,0.50002396
0.3845821674549846,0.04578503
0.1221997999489889,0.15926528
0.2621290148184686,0.07544444
0.3762723034248311,0.16909221
0.48571112243570663,0.22692302
0.3676482640144187,0.21374485
0.17783416010517888,0.034669537
0.43720650585711335,0.5984192
0.5463188868428027,0.8411051
0.4790039272313723,0.120075345
0.5065692935665721,0.17620553
0.3533757949832627,0.076757364
0.44139282086083476,0.18077694
0.27357781835806233,0.39016023
0.3196397760080296,0.5407839
0.39291880330348,0.14460559
0.8079168473813121,0.5520332
0.3995841809484039,0.060893193
0.4948593168862285,0.30695185
0.5082714477462627,0.23191352
0.32790717059820534,0.13422695
0.36820412107112555,0.027921375
0.8346130983580983,0.27498493
0.48577066530997315,0.07753898
0.38495034736701805,0.018547013
0.479142678784474,0.07119998
0.38632365380993144,0.03879187
0.24865338490876587,0.0377684
0.4365786957963057,0.043569025
0.4968092318106107,0.6031462
0.4484245559554716,0.015823772
0.22803689581767164,0.04038092
0.2557345036542276,0.069996
0.6069979956229015,0.14617747
0.4916189899476222,0.29176623
0.11638550931804997,0.04736109
0.6192406716587409,0.97119623
0.13291346424968525,0.16480061
0.5717403654967789,0.2555281
0.11396305689113145,0.22729193
0.150009083650881,0.09962965
0.2698341931846132,0.029709259
0.31786454754869825,0.20166418
0.4226298138405401,0.18771128
0.7548257914734148,0.2515656
0.3165408186445353,0.31788775
0.3718039381863133,0.1359165
0.42326833087285537,0.04984196
0.2376368979181905,0.70975775
0.5104817992844731,0.70627725
0.3055660575493163,0.20191745
0.2878574972341288,0.7311117
0.2741436867927193,0.08421809
0.6872593727718566,0.031478275
0.1820393249624978,0.06378912
0.16532416774357084,0.04439239
0.21003632994321123,0.36647767
0.3101033895339031,0.33557582
0.3199314502820742,0.86285436
0.343102506385818,0.26498386
0.36962606467769304,0.004492799
0.4592714824309787,0.14782526
0.4702533379870432,0.7035372
0.3870568751512616,0.21075365
0.6280067472728493,0.19466434
0.060769846796459435,0.36686173
0.1969287187713364,0.093203284
0.3351359958700588,0.0012308526
0.4944618305019912,0.2896689
0.5236184989627072,0.24152847
0.27131844086464657,0.035623465
0.41957406160424415,0.2557153
0.49056338452208825,0.56792504
0.4683509911747307,0.624338
0.37280075488265413,0.27337554
0.7237277788070388,0.88948077
0.25199721046997686,0.030225605
0.27900142941034256,0.17257765
0.3374796448804171,0.28576037
0.4416583076703492,0.12464717
0.35274720147985716,0.20553394
0.11069794576492398,0.34237385
0.28301599603226874,0.08073232
0.1733676479254842,0.034910645
0.3446770347839101,0.2141095
0.4043487715306539,0.40892214
0.2620859678193511,0.08367733
0.5635851684853884,0.8687849
0.40841423821382605,0.2476615
0.3976137621097299,0.11219791
0.2178837308364862,0.3858888
0.22969853961989725,0.5342459
0.6452007884148604,0.11556285
0.43801188473435926,0.09983297
0.4986059133889207,0.48324665
0.5268674054357936,0.06546324
0.3931119383323537,0.07394212
0.13461013695239668,0.1125862
0.4096065845398703,0.002046523
0.17531682278022326,0.12184136
0.23388064618982216,0.059381716
0.5204634419153936,0.3398371
0.34275338346791684,0.12103008
0.436976925594904,0.27464184
0.26925808635596205,0.022791568
0.43996128758398995,0.35647172
0.4379072443661136,0.23043197
0.4443238357389851,0.528758
0.8519807630222732,0.82218117
0.8908701804809923,0.47730148
0.3633577277535772,0.1402385
0.2398797687336643,0.070086315
0.5015185016946515,0.25096908
0.30344886897211787,0.15205099
0.15090561319262877,0.21001652
0.4643209325731734,0.392515
0.20527084035433282,0.068320855
0.39683761389277644,0.56461674
0.7602734128821083,0.40798932
0.20335948376575638,0.08319343
0.42751853792618477,0.025105083
0.5258883116866128,0.10192931
0.4458743628662641,0.07255239
0.3754530273863739,0.45117792
0.1035800048421534,0.09985736
0.47158638119989993,0.16455069
0.1849091882354025,0.45149985
0.3168791984351496,0.067726225
0.25628782633369857,0.11937961
0.4055753323495098,0.13389942
0.39840924008204615,0.052823283
0.3278280455641662,0.13498789
0.46900746969322143,0.048364747
0.32141131570420023,0.024120491
0.44896826116255784,0.12397645
0.5597617887573525,0.0024150407
0.2226980694995164,0.056034703
0.15718870772514404,0.16548385
0.1819508786148794,0.20380634
0.41697161152654166,0.12986287
0.5724035304654405,0.009351369
0.29844427279367775,0.168293
0.13027555439074498,0.20412056
0.23405209453183107,0.070630156
0.41359026407980104,0.24606836
0.6938049953237324,0.3843393
0.4701760967029368,0.13039875
0.17142660737445373,0.113775045
0.43043648178109567,0.10606189
0.47573692851151733,0.11831051
0.4458743628662641,0.07255239
0.24362386359040625,0.253621
0.40288949297688387,0.090445876
0.5315552903785837,0.40987188
0.4235096619247208,0.24833713
0.37874824225872733,0.3254955
0.27971880585995257,0.23196873
0.25390399096073546,0.031519324
0.758635017504951,0.9033174
0.8113359705371924,0.6788331
0.32936852611932044,0.132919
0.4757189239606428,0.10955649
0.43831550825220483,0.04749436
0.08689728864720365,0.07785817
0.807394988978332,0.5507507
0.4450509821388803,0.56452745
0.3812848656411824,0.022598999
0.4543562160721616,0.08285199
0.428226264563441,0.03604
0.3177342272882379,0.0046318113
0.48408427002589605,0.40394694
0.5158836336091286,0.19691922
0.49159611007545906,0.13034073
0.31446909572935805,0.11959313
0.45088102779720124,0.22715908
0.4365527936762437,0.14673887
0.338258488241957,0.698638
0.3413661293873538,0.15797327
0.2768560800001726,0.2046633
0.3370557856664076,0.06239726
0.425133059495262,0.18854885
0.5197287697386275,0.22926986
0.3937514813456785,0.1234888
0.18695905698712995,0.14585866
0.48253687925506467,0.028415885
0.7679743897804224,0.4639928
0.38832912296463573,0.027796185
0.5297130640227046,0.5071824
0.4605518349340113,0.2914745
0.3933217848424165,0.2796813
0.5976153223579636,0.4821176
0.2647870783620444,0.041482147
0.36280872740852843,0.13319843
0.06997649561021574,0.50090516
0.6999396643652628,0.824707
0.2352143402684351,0.18563922
0.44714733123963785,0.06643905
0.5307260802638594,0.022175757
0.3951946298152778,0.58149004
0.3925702707557413,0.086382605
0.45019654330352665,0.6620662
0.39931374005737297,0.01708145
0.5560603474327244,0.6468205
0.3001799727045378,0.32127166
0.32077189738719863,0.13148203
0.32642963811175557,0.17379087
0.20163515934090326,0.6201165
0.5804577550514354,0.8797451
0.45019654330352665,0.6620662
0.4186377521387976,0.26974234
0.5036476227146153,0.23837325
0.3036627463242072,0.29836628
0.594385840560342,0.17090692
0.39212278932565703,0.21377419
0.5526346787968237,0.23795405
0.3968398125294273,0.08319948
0.28787109947047307,0.27867344
0.2756389385213474,0.045821223
0.07385488786580591,0.13407992
0.1784990122724346,0.2014533
0.24637951121649765,0.11122807
0.6027244457318872,0.14986125
0.5426335559393886,0.25250953
0.09112334974250852,0.023581086
0.2903454408456912,0.015597539
0.3858841928872935,0.14790413
0.21133983084603447,0.0366661
0.22261850933662863,0.059165385
0.248613446155521,0.2134448
0.42330540757757573,0.37548178
0.24439141710765175,0.16027008
0.6363942862875058,0.8781826
0.08910486746874771,0.08010243
0.3859098930232859,0.025758374
0.5731684852579341,0.47454944
0.34325139972262625,0.0028422552
0.6873619747148538,0.46835616
0.18357282210044495,0.11569517
0.5075022526546613,0.46937457
0.4312429611134045,0.07300502
0.18716734267331933,0.14577442
0.3382264056583072,0.13850108
0.3253279208955742,0.038321275
0.3371373444938722,0.13558824
0.24247704830998063,0.05497874
0.2690676624188472,0.03817658
0.2762181974013876,0.025971506
0.500576650304483,0.3893101
0.17398921299038353,0.19579768
0.18824928739492616,0.1510929
0.140004663648437,0.39523655
0.20019101059836453,0.011415536
0.24277793358521155,0.11603743
0.3571878447347713,0.025654754
0.2527035261010446,0.18958087
0.5250041799402533,0.10156089
0.03570917388267902,0.025160398
0.6313586805207234,0.34146369
0.5026598779102156,0.38457826
0.2777534142746696,0.12406089
0.3521118559742581,0.2878947
0.43328836521294717,0.13855338
0.48563729749991785,0.736181
0.4360852853309058,0.1903446
0.39260638022178346,0.081757076
0.09382449611485084,0.04268636
0.20924603853032095,0.12366381
0.4140780820678233,0.568661
0.32047659709119614,0.253877
0.4592543645997962,0.10229188
0.10149208858724414,0.04364528
0.4426744271539893,0.05532275
0.4955758007032903,0.35603768
0.2896414832467626,0.09170834
0.2480052077650315,0.38951224
0.42492678090616137,0.43141767
0.44048579359500556,0.095487714
0.3287708877872798,0.0034379733
0.3019980128721295,0.1420963
0.3297797941058422,0.5762248
0.40486424810704347,0.023149688
0.4207979504841301,0.57379955
0.2624501359065194,0.04425972
0.15590234570503933,0.08383107
0.2467389851556159,0.30428824
0.45419545685069507,0.5949052
0.3326748544817971,0.045248732
0.17523664415581128,0.6647788
0.476144776030845,0.53114414
0.7285051848734462,0.71174115
1.0,0.77767247
0.340544844635119,0.03853886
0.11100422219505118,0.06805839
0.4169350473835126,0.10907435
0.37912519079124984,0.140383
0.26799085007611967,0.53319955
0.28642375950713217,0.3230734
0.34707356458436944,0.050289664
0.44742394585110834,0.088337734
0.5615600893085966,0.021507002
0.20265894220302968,0.39580825
0.8455331652770054,0.615164
0.46645202612252706,0.16743526
0.3939884922504231,0.084538095
0.34729954425241877,0.8794351
0.44801117097093746,0.6662174
0.39890839187157406,0.15616836
0.6764136235551721,0.5298171
0.25003169860755226,0.1030385
0.659648848831913,0.28889215
0.582140066851707,0.8634699
0.18674936885574045,0.36781985
0.33222908026394804,0.052556284
0.09068957456207086,0.14517705
0.05226062289573664,0.116964
0.13506998167205594,0.057314083
0.2676047078373069,0.01904763
0.25512047252518455,0.2742831
0.03034224798457773,0.09183958
0.43719463043377915,0.20863791
0.25295926365661353,0.20296319
0.03812262832378077,0.08419755
0.3572158581974625,0.0931663
0.43750495815607865,0.14830299
0.4571200937096748,0.02224055
0.25474554662505133,0.22461088
0.39883990972972805,0.16990629
0.3215018694137943,0.10097985
0.3793828399191493,0.11692571
0.3936956927586688,0.2957644
0.3903246349069226,0.14740361
0.3141094067927431,0.040882584
0.5526346787968237,0.23795405
0.41698753417150375,0.38352787
0.421371263954334,0.3574304
0.3097200350662454,0.15049258
0.4715706780803566,0.30002272
0.24515912898928846,0.87068915
0.42487418599242094,0.048645195
0.20006677542749343,0.29510337
0.27032639587759105,0.4206427
0.42622867057127983,0.18262458
0.4447878847281869,0.1323706
0.1943479487580867,0.019224998
0.1516899604474368,0.4766463
0.406381263524017,0.11571672
0.254663419519518,0.047700394
0.2947877380952503,0.0089304475
0.9004503516527615,0.61283636
0.2553378652619854,0.02413012
0.08560205957494384,0.019222045
0.02910238009931548,0.16019599
0.4317689913685646,0.2615125
0.5985650967420518,0.110383414
0.30846368065119906,0.06406204
0.38443153091178006,0.20341966
0.24294064775786156,0.10454725
0.4349958286382865,0.5853681
0.46677886286959075,0.26473275
0.775664450436931,0.14336252
0.15466520393354755,0.23874515
0.4918089754343078,0.45509145
0.2399842979052495,0.026005587
0.37123218782054185,0.49435455
0.4356121490152231,0.4664155
0.3351708273645568,0.28611594
0.45926247449928437,0.6740486
0.436976925594904,0.27464184
0.43597192088812786,0.2047383
0.5713121501946451,0.23876372
0.4586727817980238,0.48052013
0.3044138666820361,0.20368591
0.4788650332619068,0.3375379
0.3973166785513938,0.28420305
0.18658580648599968,0.13930975
0.30095644891637835,0.22665012
0.2924821885177542,0.2152946
0.40255949071123787,0.11738213
0.22594653446488333,0.10739009
0.26969880615330916,0.29512537
0.5530718133565731,0.05997367
0.5222415055912002,0.42543733
0.4823455231635895,0.6396711
0.48010747922761376,0.02676704
0.5139655369050063,0.024616633
0.4030481160444161,0.10800322
0.20497585162379367,0.10810154
0.2401282811660129,0.00415361
0.18596450491622338,0.028192934
0.8677429678837962,0.32602283
0.49909030011615174,0.4635406
0.11261137030627501,0.051429816
0.2935553244141534,0.30358863
0.39418596094950986,0.29796532
0.4160884160018053,0.08805809
0.6342642884868357,0.32785937
0.3620588909813036,0.40101314
0.8584516715149675,0.30700964
0.37776693221753915,0.10764299
0.36279296821662343,0.09171032
0.557070726517789,0.17919026
0.4535964183916613,0.057472907
0.2473210467529234,0.042082015
0.4389987647596894,0.18067728
0.22033224919928968,0.06902326
0.41328860639281906,0.1062739
0.5180352315242235,0.4903155
0.2756683521410735,0.0008297754
0.14967916233768858,0.07030728
0.2227112434818962,0.085496224
0.6241840675882728,0.42942986
0.47918289863499874,0.11763066
0.44746202758929604,0.1046325
0.49662276714519643,0.073190816
0.3257544166456531,0.14504784
0.6579215685754606,0.012423745
0.2707664055825354,0.23388775
0.3520130932598481,0.5519548
0.4325551684334972,0.020682935
0.371156750390527,0.13496612
0.8395474157185443,0.35058653
0.46869899510415386,0.385341
0.3432771889635439,0.06220629
0.48843593906183636,0.34677526
0.6062858689917497,0.20457165
0.748737469483889,0.6187537
0.40541691214740955,0.22038357
0.799218629562485,0.42236292
0.3833242411106256,0.43706292
0.23569265376007145,0.09862344
0.30477717232199225,0.13284802
0.35228235087966847,0.31280807
0.8699002271226359,0.2635469
0.487253044794,0.25037986
0.1433048940261495,0.34018368
0.2399415287151943,0.031702947
0.4842877552982833,0.29023752
0.1489062948002582,0.08297976
0.5239859982958488,0.8530025
0.19678650598544395,0.6086293
0.8207467287130444,0.31344217
0.5450991943474103,0.29554644
0.19756572257237384,0.44045857
0.33725367949307894,0.010490344
0.21657416167467716,0.16899197
0.4411714305012891,0.09010992
0.37428130942628207,0.0067058993
0.37279780898215736,0.06683763
0.08013244805383381,0.19029905
0.5152526236309088,0.061096128
0.2545794686987318,0.16640477
0.36964190331424773,0.2517487
0.3610438783492298,0.12325294
0.43271797905587994,0.073492855
0.5580752343107462,0.10127191
0.29948299399383793,0.046483923
0.26098775842237915,0.18333513
0.24872399219963764,0.032708302
0.3536658320158078,0.22597992
0.26689601840080485,0.33483496
0.40583032079781667,0.05154081
0.4363602576247363,0.3082868
0.22484100815893354,0.14438164
0.5481570839348365,0.42105097
0.49976892360245795,0.03577286
0.2719157490023791,0.24656089
0.48162746969890313,0.37290117
0.028467860824106815,0.029381057
0.6474084645721727,0.050676
0.21371160243854379,0.42074043
0.40179251558773676,0.37665495
0.367666372154777,0.010063939
0.281102672223812,0.090357766
0.213600917938446,0.051989656
0.4566533896702261,0.09162374
0.18556078738476425,0.14407316
0.39401929027462174,0.18170215
0.2224461124137174,0.14699225
0.32586585235116056,0.143361
0.3731753134059155,0.05559702
0.4398552892905452,0.074109755
0.7807866980012091,0.34295887
0.28550545122596216,0.048293922
0.4949279175440419,0.22184463
0.587997864563086,0.097653136
0.1958038839871821,0.021156551
0.5355376121228567,0.015252543
0.44859858704409034,0.30221617
0.24535532829108325,0.10227593
0.15318072824365458,0.075369984
0.3961338583738314,0.07380784
0.5216327420961835,0.51521826
0.47116535241492463,0.12547049
0.339036668231916,0.028577136
0.4110738807311589,0.29181725
0.42163917902572834,0.48159072
0.5443465241110325,0.23455064
0.41980806495780615,0.20361683
0.21178400799430663,0.5176887
0.48827064372650275,0.14497083
0.6996393204863715,0.29457736
0.25122092477243163,0.21227682
0.3222419832476002,0.29671037
0.1230506168423684,0.032259647
0.2044958958811363,0.20402212
0.5653736383954451,0.139705
0.3472172963944514,0.084713355
0.4332018892160998,0.18182698
0.2562302198676216,0.14308733
0.19165449640891144,0.19622298
0.28287034630716257,0.10122364
0.3528480868456355,0.10988095
0.32277683471889856,0.033323623
0.23120325713067605,0.1678711
0.5816866422632389,0.28757614
0.2754631977385928,0.007038482
0.4167859791134315,0.037719253
0.3455205254328085,0.14740688
0.16899373075440094,0.06576535
0.39208081054568505,0.19465344
0.10141944603406784,0.060265575
0.49038200750973227,0.6680866
0.18295965565116068,0.69186294
0.07878967022875655,0.007934254
0.44056610739594143,0.76025975
0.17784634695740537,0.062081784
0.30964247956907803,0.04062978
0.10242255984554476,0.09737409
0.36971467012530757,0.38540238
0.33415806219290795,0.43993354
0.23546272721644124,0.036871124
0.44155195437118594,0.12257614
0.08862969278334837,0.06448064
0.601229512809678,0.7436428
0.4713165843602458,0.32703713
0.5209009663048636,0.24070963
0.2892282444791167,0.07205152
0.26322086749028634,0.032509726
0.35670810729623886,0.24236822
0.30271650911518017,0.020860227
0.04054156571420399,0.13987955
0.6351174060971525,0.12952086
0.5061511319350169,0.11716303
0.16934818365510632,0.07794412
0.29607459795068536,0.18019268
0.3487008186402171,0.14040124
0.45787761302682156,0.09404486
0.25366182792360326,0.5611754
0.5046182256898385,0.21520421
0.3336250359800804,0.35100693
0.27115703806154673,0.030723972
0.38810993453769066,0.22445434
0.437904386776926,0.4321981
0.6656313534800076,0.22593167
0.5025867451696261,0.5223358
0.3525489287475946,0.14552146
0.4495305466332681,0.0010959249
0.2779012583513861,0.12447775
0.48964999223072847,0.033832517
0.4073137658732148,0.15829282
0.5175543474027442,0.0616882
0.23697974832130014,0.31307632
0.44906387498925804,0.13282438
0.10703309175865945,0.15556364
0.3213537858077953,0.043201018
0.7689157077202095,0.1724741
0.25081151031241844,0.25594187
0.3792879430904008,0.0904722
0.6445207087675272,0.5761954
0.4907292910055179,0.45469493
0.3053262290539305,0.19835147
0.1501152301328479,0.112066135
0.5000970085019913,0.50790983
0.15110543956162767,0.01658176
0.8493659389623975,0.8880465
0.25944873367087146,0.16989695
0.47720812450045386,0.14101602
0.3036627463242072,0.29836628
0.3715230960658596,0.16019817
0.4527108337976168,0.19624007
0.27836274436884295,0.091295555
0.17148042442214964,0.061962035
0.36506773798423264,0.092916794
0.5163537938440529,0.040476944
0.17666779654654305,0.31019658
0.303406698508441,0.16194376
0.21444196057801557,0.1814345
0.3602346659737357,0.004242999
0.24361261454204297,0.111626014
0.30058001909008136,0.18441859
0.43501833250292316,0.10461623
0.1967959831033314,0.13441622
0.5047031436524549,0.037876375
0.3724909581724868,0.08733143
0.4477048307911458,0.1344292
0.18169795461628518,0.58763283
0.48523516686654944,0.06484733
0.5101631052743848,0.20325609
0.24476758519152955,0.0028238394
0.40585803070611953,0.27570808
0.7822019458243273,0.6271392
0.4436099242377265,0.30808872
0.8848269676582083,0.2808617
0.28576455361746333,0.12587042
0.31809799132539873,0.07089452
0.12619083987625804,0.15728135
0.4730201699755636,0.52297306
0.21096716748952318,0.19204976
0.2200261359408419,0.09524168
0.3640515515657127,0.21222341
0.05094887299124363,0.40698114
0.1501152301328479,0.112066135
0.17278394717461942,0.08544002
0.04578393617206877,0.03369782
0.09145800055826307,0.007537473
0.17033030505597987,0.02727481
0.2753079089215059,0.12067124
0.2659609548061014,0.1523162
0.4627058593066343,0.15171432
0.2054809695586335,0.029556172
0.5866047402756942,0.69343275
0.325757877445271,0.3254397
0.5002564632538359,0.31031522
0.41468386855915407,0.11095475
0.39747560449972574,0.040607236
0.3307739053688325,0.50223017
0.438455688678574,0.03646959
0.09156143761769953,0.23402932
0.2960323736189635,0.5459797
0.40466634276039554,0.12944649
0.23385831308295016,0.030654395
0.11986260967047914,0.0037999775
0.8509109565290135,0.4088391
0.11509190581613721,0.06988084
0.3975605106836991,0.21689966
0.3593846784916602,0.082429744
0.25420224083961795,0.018282644
0.09852008038364127,0.276541
0.7665066783729781,0.43191096
0.158508201809414,0.1015041
0.19227635762213358,0.3225004
0.27607752619247966,0.048603367
0.40411190586974965,0.18412043
0.2594490733737188,0.023899239
0.419442630290388,0.28573892
0.3280080869025432,0.07132007
0.25962996988818027,0.10434489
0.20388862105091765,0.12894747
0.23769926028065944,0.15587714
0.46765674976237254,0.18038374
0.3884950575279903,0.012096733
0.5823562313133108,0.11762571
0.46692391232628905,0.31422782
0.03831423124652685,0.058050454
0.8553478338584333,0.7324068
0.18313709506457776,0.04831258
0.726352130450702,0.8287004
0.47130764361407473,0.5114036
0.20669474287421227,0.071747735
0.6122264316626408,0.17369431
0.2905716499724318,0.30138808
0.41731333239932217,0.027373835
0.44442001786225965,0.040778108
0.44092527824167477,0.12702392
0.20164451831001343,0.03851075
0.3668795203421349,0.04090501
0.22180925495208884,0.08265312
0.5633854842358226,0.035809718
0.8227202485187797,0.09080918
0.38463112481536404,0.1369858
0.5473976631081225,0.03655832
0.28310128945647567,0.33541226
0.5876250478320113,0.43253347
0.17783392697105355,0.066091575
0.5662095047676157,0.26454175
0.036294752509643785,0.21348254
0.23557765792885998,0.42007068
0.3746583092713075,0.24253592
0.24885011560749304,0.4088554
0.3898937791467424,0.03591125
0.3441647326744243,0.19718817
0.4735329767834525,0.4018023
0.14163032783699447,0.07619961
0.49577657992455465,0.448616
0.18268671957140287,0.04209928
0.3482962073458215,0.108305216
0.5576332606621833,0.5483431
0.24430433157175865,0.12718664
0.5355479565675381,0.6869892
0.16082818844627964,0.01215685
0.5247523023757678,0.89021057
0.35924398870209184,0.4658689
0.4578315840361932,0.2704862
0.14447238479924648,0.023854855
0.5139896428110104,0.17940073
0.567896490212457,0.19731233
0.4925684201755995,0.62200785
0.49291173115750886,0.28415096
0.21806276958455625,0.100678235
0.4510859158745543,0.014705
0.3522716678171437,0.14735657
0.39975909090931044,0.19655441
0.1692910401640464,0.1828137
0.3034974648481086,0.03854555
0.4496996433973876,0.23858736
0.22991394794114287,0.0792343
0.4785579778294429,0.02033428
0.49743781713458496,0.0731905
0.2076465748910061,0.3183749
0.5120146411895605,0.21816061
0.0399532658306076,0.046620592
0.12121803293550211,0.05512744
0.15521504821157378,0.04528285
0.2862120853285231,0.0020370947
0.2863924560232603,0.30981007
0.3305835977157954,0.07963076
0.11544344753811654,0.051214367
0.7596379017700502,0.13309805
0.6109719340505454,0.94634336
0.37151010612426044,0.022664646
0.4792826501777745,0.546318
0.20107753519504437,0.9521724
0.4711370078749538,0.095594056
0.42347624921301646,0.08463331
0.19424440852771233,0.070533864
0.5704905203032166,0.12933221
0.3189931766584379,0.06323124
0.3428871738182139,0.5064655
0.4234770661202198,0.158238
0.7313361002553266,0.021197705
0.19942061160852143,0.07051218
0.4298385497588612,0.17821786
0.5232549466515948,0.56810766
0.19333550127044188,0.026533859
0.5037258824475033,0.30768514
0.9696373520620736,0.39887887
0.2488713756925633,0.04880406
0.2200581920197216,0.23162813
0.5328815437877246,0.36245555
0.5070750724102813,0.27027848
0.6031425221900834,0.17374735
0.8192174558411829,0.2538295
0.37336015796514904,0.8809762
0.2175001632263627,0.11252342
0.24014407505102428,0.0
0.4285028611063705,0.10421503
0.44492390559111916,0.7067716
0.277606146255407,0.35980365
0.49976892360245795,0.03577286
0.5451857948104921,0.22022156
0.5148479110280817,0.09379642
0.5364064952507104,0.037170652
0.32209007170393483,0.49544305
0.2640851686265656,0.036687996
0.3372382463289697,0.050353017
0.21208644954709716,0.037526336
0.2777912873167147,0.12658995
0.30373773323684344,0.04749565
0.6209890942209801,0.15830787
0.38841123013447376,0.34331852
0.3345953854557698,0.034548376
0.24201256224906348,0.25139043
0.25258088846066656,0.049978063
0.511625443226617,0.028162304
0.20970040684516886,0.13800561
0.5319008732040725,0.009020815
0.40437665294907077,0.35436568
0.39617748710707257,0.068822436
0.45063654640388906,0.62816775
0.059789953351530895,0.1776442
0.46322725178108687,0.5897408
0.39074851832756763,0.04140414
0.25987615563492683,0.42006156
0.40545369516491675,0.17403083
0.15456813433362596,0.008024917
0.24051467708337299,0.0696673
0.20840937144967667,0.19148241
0.3867957962572644,0.033603285
0.9358022693363451,0.97952855
0.8911545640748044,1.0
0.2786160488651334,0.062731855
0.3967375237824751,0.22527097
0.5126247431556069,0.09251223
0.28498256451916926,0.109336436
0.5001160471737192,0.13471022
0.4477084041315233,0.102821685
0.3978215103821884,0.54411405
0.37588083177814174,0.03603974
0.6351271975282121,0.14728907
0.3233465409343944,0.5359708
