Normalized_VGG_Similarity,Normalized_SS_Score
0.5459636,0.3548387096774194
0.39227965,0.25806451612903225
0.5257603,0.3870967741935484
0.47207496,0.3870967741935484
0.3412463,0.1935483870967742
0.35147777,0.5161290322580645
0.42623574,0.41935483870967744
0.5101269,0.22580645161290322
0.55270433,0.12903225806451613
0.37760168,0.6774193548387096
0.2394799,0.3548387096774194
0.45014885,0.16129032258064516
0.9145073,0.8387096774193549
0.46165377,0.2903225806451613
0.6330989,0.45161290322580644
0.46925035,0.3548387096774194
0.31931692,0.7096774193548387
0.43253505,0.3548387096774194
0.4712309,0.4838709677419355
0.47580972,0.3870967741935484
0.2751438,0.3870967741935484
0.44807115,0.22580645161290322
0.21276575,0.0967741935483871
0.65563536,0.9032258064516129
0.8130569,0.7096774193548387
0.32456368,0.22580645161290322
0.58005816,0.5806451612903226
0.46539885,0.4838709677419355
0.66001487,0.7096774193548387
0.29834327,0.1935483870967742
0.62327147,0.5483870967741935
0.52533,0.3870967741935484
0.67012334,0.6129032258064516
0.5580555,0.4838709677419355
0.43779844,0.4838709677419355
0.7345326,0.5161290322580645
0.8065315,0.7419354838709677
0.5028116,0.3548387096774194
0.68161505,0.25806451612903225
0.4397313,0.3870967741935484
0.63394755,0.3870967741935484
0.6982256,0.5161290322580645
0.48345295,0.3548387096774194
0.23349479,0.16129032258064516
0.76421267,0.5161290322580645
0.86545545,0.8709677419354839
0.5443999,0.8064516129032258
0.60389674,0.45161290322580644
0.717201,0.4838709677419355
0.40713364,0.5161290322580645
0.65198016,0.5806451612903226
0.28246918,0.3870967741935484
0.85781807,0.7419354838709677
0.63635916,0.3225806451612903
0.33563906,0.3870967741935484
0.39477155,0.25806451612903225
0.46270797,0.25806451612903225
0.3473301,0.25806451612903225
0.55134827,0.03225806451612903
0.46248516,0.45161290322580644
0.59378695,0.2903225806451613
0.39924383,0.45161290322580644
0.66958857,0.25806451612903225
0.7022345,0.4838709677419355
0.4769182,0.45161290322580644
0.28176364,0.3548387096774194
0.6118291,0.5483870967741935
0.6655675,0.6774193548387096
0.5702301,0.5806451612903226
0.48599923,0.3870967741935484
0.5669331,0.5161290322580645
0.44113156,0.4838709677419355
0.3637595,0.25806451612903225
0.7216215,0.3548387096774194
0.72948486,0.45161290322580644
0.45103204,0.3225806451612903
0.48944393,0.22580645161290322
0.59755594,0.3225806451612903
0.23595539,0.3870967741935484
0.63129073,0.2903225806451613
0.26425347,0.2903225806451613
0.5291635,0.3548387096774194
0.46973744,0.16129032258064516
0.52479374,0.41935483870967744
0.46778184,0.3225806451612903
0.40823823,0.5806451612903226
0.5690478,0.3548387096774194
0.3694149,0.4838709677419355
0.7519951,0.4838709677419355
0.6992157,0.3225806451612903
0.24494933,0.25806451612903225
0.2581268,0.06451612903225806
0.4114482,0.25806451612903225
0.70081663,0.8387096774193549
0.49534312,0.3870967741935484
0.21622628,0.16129032258064516
0.33615205,0.41935483870967744
0.4677073,0.3548387096774194
0.5429669,0.3548387096774194
0.45476225,0.5161290322580645
0.46776977,0.3870967741935484
0.5465196,0.3548387096774194
0.4896272,0.2903225806451613
0.6828704,0.7419354838709677
0.4351453,0.12903225806451613
0.36947808,0.45161290322580644
0.59307426,0.5483870967741935
0.48121879,0.5483870967741935
0.45502853,0.22580645161290322
0.7691997,0.9032258064516129
0.48185974,0.5483870967741935
0.3807445,0.25806451612903225
0.4212145,0.12903225806451613
0.5569566,0.45161290322580644
0.29418755,0.3870967741935484
0.7569419,0.2903225806451613
0.62202936,0.3225806451612903
0.8755742,0.967741935483871
0.5363611,0.5483870967741935
0.54063326,0.5806451612903226
0.780827,0.5806451612903226
0.4274163,0.3225806451612903
0.5542297,0.3225806451612903
0.41966546,0.41935483870967744
0.4811275,0.41935483870967744
0.44580454,0.5483870967741935
0.36646596,0.3225806451612903
0.4133597,0.3225806451612903
0.74934417,0.5806451612903226
0.54122466,0.22580645161290322
0.3826198,0.3548387096774194
0.5758626,0.41935483870967744
0.30238336,0.41935483870967744
0.7342492,0.12903225806451613
0.55321497,0.7419354838709677
0.31615385,0.3870967741935484
0.33905223,0.6129032258064516
0.789368,0.5806451612903226
0.5375139,0.06451612903225806
0.4332181,0.2903225806451613
0.420542,0.5806451612903226
0.20061061,0.22580645161290322
0.5466317,0.3870967741935484
0.49895272,0.22580645161290322
0.62926835,0.6129032258064516
0.5789987,0.5806451612903226
0.48470768,0.3225806451612903
0.358811,0.2903225806451613
0.59635395,0.5161290322580645
0.39979607,0.7419354838709677
0.5531885,0.6129032258064516
0.520675,0.4838709677419355
0.22724353,0.3225806451612903
0.7562752,0.45161290322580644
0.41927004,0.3225806451612903
0.36201426,0.45161290322580644
0.35487664,0.3225806451612903
0.5668152,0.3548387096774194
0.4374698,0.7419354838709677
0.13727674,0.5806451612903226
0.17829,0.7096774193548387
0.49431798,0.6129032258064516
0.31665674,0.5806451612903226
0.41788992,0.5483870967741935
0.30832592,0.3548387096774194
0.44470847,0.5161290322580645
0.009621483,0.1935483870967742
0.4709549,0.3548387096774194
0.5705133,0.5483870967741935
0.635582,0.7096774193548387
0.5507931,0.7096774193548387
0.5538589,0.25806451612903225
0.35334226,0.06451612903225806
0.8060057,0.6129032258064516
0.7812201,0.5806451612903226
0.6582836,0.6129032258064516
0.6127383,0.3870967741935484
0.5836967,0.4838709677419355
0.4685474,0.3548387096774194
0.4410629,0.4838709677419355
0.5678846,0.16129032258064516
0.8374403,0.8064516129032258
0.84313506,0.5806451612903226
0.6972844,0.41935483870967744
0.48964503,0.3548387096774194
0.7146705,0.5806451612903226
0.54554296,0.3225806451612903
0.50845426,0.6129032258064516
0.31277362,0.6129032258064516
0.49530196,0.41935483870967744
0.5964191,0.4838709677419355
0.8057363,0.5161290322580645
0.12495769,0.7096774193548387
0.43449533,0.7419354838709677
0.7445657,0.5161290322580645
0.44523844,0.2903225806451613
0.31772816,0.5161290322580645
0.46762714,0.3548387096774194
0.75847054,0.6451612903225806
0.8745427,0.45161290322580644
0.49378344,0.22580645161290322
0.3544158,0.4838709677419355
0.35435298,0.2903225806451613
0.29307848,0.1935483870967742
0.4367064,0.41935483870967744
0.68145,0.0967741935483871
0.175755,0.3225806451612903
0.5225039,0.5483870967741935
0.58117086,0.5483870967741935
0.39514434,0.16129032258064516
0.58712476,0.45161290322580644
0.4809735,0.1935483870967742
0.6366628,0.1935483870967742
0.39343688,0.5806451612903226
0.47113994,0.5483870967741935
0.6061986,0.16129032258064516
0.70747846,0.4838709677419355
0.74014103,0.4838709677419355
0.61797523,0.45161290322580644
0.71633667,0.4838709677419355
0.7086214,0.6774193548387096
0.46186098,0.2903225806451613
0.38893563,0.3870967741935484
0.36517113,0.6129032258064516
0.5275747,0.5806451612903226
0.41733545,0.12903225806451613
0.46969476,0.5161290322580645
0.6233924,0.5806451612903226
0.45270577,0.12903225806451613
0.5461389,0.3870967741935484
0.30086374,0.5483870967741935
0.57415265,0.0967741935483871
0.4599694,0.3225806451612903
0.5783419,0.7096774193548387
0.6525719,0.8064516129032258
0.29894638,0.16129032258064516
0.8193392,0.5161290322580645
0.50313586,0.3225806451612903
0.37498465,0.1935483870967742
0.53474367,0.41935483870967744
0.8543455,0.8064516129032258
0.15907563,0.45161290322580644
0.43204236,0.6451612903225806
0.43220574,0.2903225806451613
0.921937,0.3870967741935484
0.37650332,0.3225806451612903
0.53918386,0.5806451612903226
0.8582503,0.9032258064516129
0.3458296,0.3870967741935484
0.42991707,0.1935483870967742
0.54500943,0.3870967741935484
0.4712064,0.5806451612903226
0.55720633,0.5483870967741935
0.39497206,0.41935483870967744
0.15522261,0.5161290322580645
0.27580187,0.03225806451612903
0.17746018,0.41935483870967744
0.5039231,0.7096774193548387
0.85203856,0.9354838709677419
0.75601923,0.6774193548387096
0.63477916,0.6451612903225806
0.78758466,0.3870967741935484
0.30593845,0.5483870967741935
0.666097,0.6774193548387096
0.30323797,0.3548387096774194
0.86427313,0.6451612903225806
0.48875454,0.3548387096774194
0.75774217,0.41935483870967744
0.453226,0.41935483870967744
0.8881339,0.6451612903225806
0.4699369,0.45161290322580644
0.40875638,0.2903225806451613
0.6692334,0.5483870967741935
0.408398,0.8064516129032258
0.33201048,0.25806451612903225
0.71385133,0.9032258064516129
0.6283492,0.6451612903225806
0.6534002,0.1935483870967742
0.21311992,0.41935483870967744
0.5733582,0.41935483870967744
0.4039483,0.1935483870967742
0.47920498,0.41935483870967744
0.1229925,0.5483870967741935
0.34442356,0.45161290322580644
0.4855126,0.22580645161290322
0.49740312,0.41935483870967744
0.481146,0.4838709677419355
0.89836615,0.5161290322580645
0.56769234,0.25806451612903225
0.40500766,0.5806451612903226
0.50929993,0.6129032258064516
0.50479996,0.5483870967741935
0.45429263,0.25806451612903225
0.26857576,0.3225806451612903
0.26709625,0.12903225806451613
0.55687815,0.3225806451612903
0.4991298,0.22580645161290322
0.66285634,0.22580645161290322
0.49171945,0.5161290322580645
0.73790425,0.6451612903225806
0.6753109,0.9354838709677419
0.5577289,0.5483870967741935
0.48303607,0.5483870967741935
0.72981393,0.41935483870967744
0.44233415,0.41935483870967744
0.7040712,0.5161290322580645
0.5424502,0.3870967741935484
0.5201337,0.3870967741935484
0.5233374,0.25806451612903225
0.6349687,0.4838709677419355
0.2889873,0.3870967741935484
0.48328465,0.6451612903225806
0.59387803,0.22580645161290322
0.86277455,0.5483870967741935
0.7838308,0.8387096774193549
0.45461974,0.25806451612903225
0.4417204,0.45161290322580644
0.5120368,0.5161290322580645
0.28919944,0.4838709677419355
0.3864624,0.3548387096774194
0.7703936,0.7741935483870968
0.32355002,0.25806451612903225
0.48537278,0.3225806451612903
0.52168715,0.6774193548387096
0.429276,0.2903225806451613
0.56839925,0.45161290322580644
0.2697454,0.45161290322580644
0.5590135,0.6451612903225806
0.6065214,0.5161290322580645
0.3620743,0.3548387096774194
0.4142333,0.3548387096774194
0.6002185,0.45161290322580644
0.53815687,0.41935483870967744
0.66512716,0.6451612903225806
0.26087698,0.0
0.80997336,0.25806451612903225
0.32616836,0.5806451612903226
0.69743454,0.1935483870967742
0.7654526,0.8387096774193549
0.40954337,0.5161290322580645
0.5590798,0.3548387096774194
0.45885706,0.3548387096774194
0.51777655,0.1935483870967742
0.630341,0.6774193548387096
0.62252057,0.3548387096774194
0.8817742,0.7741935483870968
0.4581576,0.3548387096774194
0.3695799,0.7419354838709677
0.23977652,0.1935483870967742
0.48482606,0.5161290322580645
0.89018226,0.7741935483870968
0.4538761,0.16129032258064516
0.6993022,0.41935483870967744
0.6210993,0.6774193548387096
0.6247476,0.22580645161290322
0.70275277,0.6129032258064516
0.48169944,0.25806451612903225
0.40796882,0.25806451612903225
0.54474926,0.22580645161290322
0.69364643,0.5483870967741935
0.5218627,0.16129032258064516
0.26324907,0.4838709677419355
0.312214,0.45161290322580644
0.45964557,0.5806451612903226
0.40122977,0.5161290322580645
0.30160868,0.22580645161290322
0.7815139,0.4838709677419355
0.536992,0.5483870967741935
0.31541115,0.3870967741935484
0.39924383,0.45161290322580644
0.32638845,0.03225806451612903
0.2605924,0.16129032258064516
0.288609,0.3548387096774194
0.8296243,0.8709677419354839
0.78011304,0.8387096774193549
0.35416558,0.03225806451612903
0.6304942,0.3225806451612903
0.5022704,0.2903225806451613
0.43189526,0.5161290322580645
0.2603333,0.06451612903225806
0.79114985,0.6451612903225806
0.8653835,0.8709677419354839
0.45947236,0.5161290322580645
0.33112657,0.3225806451612903
0.57957345,0.6129032258064516
0.5729414,0.6129032258064516
0.5136324,0.25806451612903225
0.40698692,0.3225806451612903
0.6049813,0.25806451612903225
0.45878968,0.45161290322580644
0.812129,0.6451612903225806
0.9219799,0.7096774193548387
0.70270634,0.5483870967741935
0.32392,0.2903225806451613
0.38670406,0.5483870967741935
0.3507108,0.6129032258064516
0.6572567,0.8064516129032258
0.18555374,0.16129032258064516
0.66559905,0.6129032258064516
0.43150863,0.25806451612903225
0.46041158,0.12903225806451613
0.6412661,0.7096774193548387
0.5696842,0.2903225806451613
0.6127974,0.7419354838709677
0.49072585,0.3548387096774194
0.55065024,0.5483870967741935
0.6244165,0.4838709677419355
0.6714638,0.45161290322580644
0.48649848,0.3870967741935484
0.5324957,0.25806451612903225
0.51206326,0.3870967741935484
0.35532668,0.25806451612903225
0.76712275,0.7419354838709677
0.68270314,0.9032258064516129
0.6959311,0.2903225806451613
0.4323997,0.5161290322580645
0.6324823,0.45161290322580644
0.76875204,0.7096774193548387
0.51330346,0.3548387096774194
0.49879345,0.3870967741935484
0.563316,0.5161290322580645
0.22982964,0.22580645161290322
0.4832249,0.25806451612903225
0.49342492,0.25806451612903225
0.47390854,0.2903225806451613
0.68018895,0.3225806451612903
0.49837634,0.45161290322580644
0.5936716,0.4838709677419355
0.44713238,0.25806451612903225
0.484932,0.06451612903225806
0.38483074,0.41935483870967744
0.49823323,0.3225806451612903
0.27860737,0.3870967741935484
0.4408892,0.3870967741935484
0.40649152,0.12903225806451613
0.364266,0.2903225806451613
0.6358927,0.6129032258064516
0.46541032,0.4838709677419355
0.35487875,0.7096774193548387
0.49547753,0.5483870967741935
0.5949586,0.5161290322580645
0.4344161,0.45161290322580644
0.33129334,0.4838709677419355
0.47325188,0.3225806451612903
0.63158107,0.2903225806451613
0.85206175,0.7419354838709677
0.31145933,0.3870967741935484
0.4792522,0.3548387096774194
0.40939066,0.5161290322580645
0.6072583,0.2903225806451613
0.7076254,0.45161290322580644
0.3667041,0.3548387096774194
0.32712376,0.22580645161290322
0.58800215,0.0
0.44511926,0.3870967741935484
0.35045472,0.16129032258064516
0.5876442,0.45161290322580644
0.6334089,0.22580645161290322
0.5981277,0.03225806451612903
0.30767745,0.7741935483870968
0.47257504,0.3225806451612903
0.31354886,0.5161290322580645
0.3372026,0.2903225806451613
0.6918073,0.3225806451612903
0.3335943,0.16129032258064516
0.53202665,0.3225806451612903
0.61238885,0.6129032258064516
0.24128886,0.2903225806451613
0.22505708,0.6129032258064516
0.31355882,0.3225806451612903
0.5924796,0.3870967741935484
0.59841806,0.3870967741935484
0.7603852,0.3548387096774194
0.6116064,0.2903225806451613
0.6727075,0.4838709677419355
0.20662336,0.3548387096774194
0.46649113,0.41935483870967744
0.27023003,0.45161290322580644
0.36105818,0.8387096774193549
0.33322418,0.41935483870967744
0.58721,0.5161290322580645
0.24593884,0.25806451612903225
0.8503483,0.7096774193548387
0.43014395,0.6774193548387096
0.82645196,0.9032258064516129
0.3737584,0.45161290322580644
0.41055867,0.5161290322580645
0.17567834,0.3548387096774194
0.54470986,0.6129032258064516
0.42900103,0.3870967741935484
0.11068418,0.22580645161290322
0.5195204,0.41935483870967744
0.42266083,0.1935483870967742
0.9498371,0.7096774193548387
0.43521854,0.45161290322580644
0.5222239,0.12903225806451613
0.39443964,0.25806451612903225
0.589274,0.6129032258064516
0.46436995,0.3870967741935484
0.7168703,0.3870967741935484
0.7751011,0.7419354838709677
0.48840705,0.41935483870967744
0.45958966,0.3548387096774194
0.14319497,0.0967741935483871
0.4592553,0.16129032258064516
0.52580845,0.3870967741935484
0.20967568,0.22580645161290322
0.3888012,0.45161290322580644
0.48348483,0.6129032258064516
0.43779904,0.4838709677419355
0.52655476,0.45161290322580644
0.8469498,0.6451612903225806
0.88890105,0.9032258064516129
0.647737,0.5806451612903226
0.4421491,0.3870967741935484
0.7626116,0.3225806451612903
0.56699955,0.41935483870967744
0.4024579,0.1935483870967742
0.7492942,0.3225806451612903
0.52256423,0.45161290322580644
0.29250127,0.45161290322580644
0.38046885,0.3870967741935484
0.6118686,0.45161290322580644
0.3325953,0.16129032258064516
0.24868292,0.06451612903225806
0.3650816,0.2903225806451613
0.5202312,0.5483870967741935
0.6389947,0.5161290322580645
0.312745,0.0
0.48752338,0.5161290322580645
0.7996779,0.3225806451612903
0.7970056,0.6451612903225806
0.3352032,0.3225806451612903
0.8843894,0.8709677419354839
0.60990727,0.6129032258064516
0.634445,0.4838709677419355
0.37085387,0.41935483870967744
0.43173903,0.3548387096774194
0.658413,0.1935483870967742
0.5810798,0.45161290322580644
0.5020254,0.3548387096774194
0.7996779,0.3225806451612903
0.48430616,0.45161290322580644
0.08890234,0.4838709677419355
0.7887932,0.5806451612903226
0.20086926,0.03225806451612903
0.59622246,0.4838709677419355
0.6115076,0.12903225806451613
0.6931713,0.41935483870967744
0.88710016,0.5483870967741935
0.37698686,0.6129032258064516
0.8656029,0.5483870967741935
0.6045107,0.25806451612903225
0.7854479,0.4838709677419355
0.45434466,0.45161290322580644
0.43954366,0.6451612903225806
0.5567422,0.5161290322580645
0.34934673,0.4838709677419355
0.8932047,0.9354838709677419
0.6191259,0.5483870967741935
0.24278209,0.3225806451612903
0.4053876,0.41935483870967744
0.37541372,0.12903225806451613
0.60389674,0.45161290322580644
0.3821634,0.3870967741935484
0.5761497,0.5483870967741935
0.35602587,0.5161290322580645
0.59712654,0.41935483870967744
0.77387315,0.1935483870967742
0.540753,0.06451612903225806
0.4378507,0.45161290322580644
0.52870464,0.3548387096774194
0.70598865,0.7741935483870968
0.7216368,0.3870967741935484
0.7681405,0.5806451612903226
0.4081535,0.3548387096774194
0.23242582,0.5161290322580645
0.2973335,0.5483870967741935
0.4257666,0.6129032258064516
0.32638845,0.03225806451612903
0.62733847,0.5161290322580645
0.5296297,0.22580645161290322
0.35290396,0.41935483870967744
0.14226067,0.3870967741935484
0.3376932,0.5806451612903226
0.6742369,0.3870967741935484
0.39588222,0.3225806451612903
0.5664683,0.4838709677419355
0.7269878,0.6129032258064516
0.43115023,0.5161290322580645
0.26927167,0.16129032258064516
0.43394834,0.5483870967741935
0.54489684,0.6129032258064516
0.3584145,0.3548387096774194
0.6227015,0.6451612903225806
0.62065893,0.2903225806451613
0.6206662,0.5806451612903226
0.5217679,0.0
0.50179875,0.4838709677419355
0.043879535,0.06451612903225806
0.4380047,0.4838709677419355
0.39384988,0.6451612903225806
0.50919765,0.41935483870967744
0.28142238,0.3225806451612903
0.3002848,0.41935483870967744
0.26721835,0.4838709677419355
0.40638134,0.2903225806451613
0.5167771,0.3548387096774194
0.3547278,0.0967741935483871
0.21199599,0.3548387096774194
0.616071,0.3870967741935484
0.6283144,0.0967741935483871
0.6297651,0.6129032258064516
0.941122,0.967741935483871
0.56096005,0.0
0.7304536,0.3870967741935484
0.30023897,0.1935483870967742
0.3363712,0.25806451612903225
0.37975216,0.25806451612903225
0.72357976,0.45161290322580644
0.47433373,0.5161290322580645
0.52133083,0.7741935483870968
0.28898263,0.5483870967741935
0.48270568,0.41935483870967744
0.65202963,0.5161290322580645
0.31003758,0.7741935483870968
0.39360917,0.22580645161290322
0.8888443,0.7419354838709677
0.36987573,0.6774193548387096
0.7148669,0.3870967741935484
0.36206654,0.45161290322580644
0.45052612,0.4838709677419355
0.7018305,0.45161290322580644
0.7297727,0.967741935483871
0.65457076,0.6129032258064516
0.5760828,0.5161290322580645
0.46825275,0.16129032258064516
0.6820585,0.6129032258064516
0.2979659,0.6774193548387096
0.41580728,0.3225806451612903
0.71907663,0.45161290322580644
0.5092674,0.0967741935483871
0.6259309,0.16129032258064516
0.4593945,0.0967741935483871
0.5617262,0.25806451612903225
0.31943858,0.5161290322580645
0.7766882,0.5806451612903226
0.19129542,0.3870967741935484
0.44705832,0.4838709677419355
0.36835355,0.3548387096774194
0.37378874,0.25806451612903225
0.69612145,0.3548387096774194
0.4402753,0.4838709677419355
0.5515188,0.3870967741935484
0.5757613,0.2903225806451613
0.56675404,0.3548387096774194
0.49167982,0.6451612903225806
0.5510618,0.4838709677419355
0.2566501,0.5483870967741935
0.5253906,0.03225806451612903
0.3916456,0.1935483870967742
0.6498509,0.06451612903225806
0.43839732,0.3870967741935484
0.40792522,0.3548387096774194
0.8481921,0.6774193548387096
0.4901696,0.3548387096774194
0.14835061,0.4838709677419355
0.5859936,0.6129032258064516
0.5624935,0.1935483870967742
0.58619106,0.6451612903225806
0.8054133,0.3225806451612903
0.35425127,0.4838709677419355
0.40220016,0.3870967741935484
0.58050585,0.25806451612903225
0.41927004,0.3225806451612903
0.54519016,0.7741935483870968
0.6544219,0.12903225806451613
0.30791584,0.16129032258064516
0.40697366,0.22580645161290322
0.33362758,0.1935483870967742
0.7062849,0.3870967741935484
0.84336716,0.6129032258064516
0.10577203,0.16129032258064516
0.38666606,0.1935483870967742
0.5881876,0.45161290322580644
0.20268033,0.41935483870967744
0.32302567,0.1935483870967742
0.53369623,0.3225806451612903
0.8685629,0.967741935483871
0.37849897,0.45161290322580644
0.759465,0.45161290322580644
0.38160133,0.41935483870967744
0.44141123,0.5806451612903226
0.2460988,0.25806451612903225
0.63197833,0.41935483870967744
0.38409215,0.41935483870967744
0.3686224,0.22580645161290322
0.4792965,0.5483870967741935
0.70016277,0.7419354838709677
0.73293495,0.5483870967741935
0.6716136,0.3225806451612903
0.283041,0.0967741935483871
0.53447235,0.3870967741935484
0.5486229,0.7741935483870968
0.28371245,0.12903225806451613
0.6538218,0.4838709677419355
0.5884053,0.3548387096774194
0.58472055,0.1935483870967742
0.29806647,0.4838709677419355
0.26544538,0.5161290322580645
0.5929552,0.5806451612903226
0.29415765,0.2903225806451613
0.34632525,0.2903225806451613
0.39517587,0.2903225806451613
0.65595835,0.16129032258064516
0.8120777,1.0
0.7588731,0.3225806451612903
0.41463718,0.3548387096774194
0.34940907,0.6451612903225806
0.52591324,0.22580645161290322
0.5541555,0.25806451612903225
0.75884277,0.4838709677419355
0.5233101,0.5161290322580645
0.8025875,0.3548387096774194
0.5586257,0.7741935483870968
0.2579408,0.4838709677419355
0.74670404,0.7096774193548387
0.46716094,0.16129032258064516
0.52864194,0.5806451612903226
0.6163607,0.5161290322580645
0.5101612,0.25806451612903225
0.47248504,0.3225806451612903
0.44805568,0.3548387096774194
0.46016416,0.3548387096774194
0.34154153,0.41935483870967744
0.4525071,0.7419354838709677
0.26427,0.0967741935483871
0.38958666,0.03225806451612903
0.43053576,0.22580645161290322
0.4254001,0.2903225806451613
0.6128454,0.1935483870967742
0.43408537,0.3548387096774194
0.57381946,0.5483870967741935
0.49758336,0.41935483870967744
0.48144323,0.4838709677419355
0.5295289,0.5161290322580645
0.48834318,0.3548387096774194
0.60832465,0.03225806451612903
0.34551093,0.3225806451612903
0.5613809,0.6451612903225806
0.6737459,0.5161290322580645
0.7174148,0.3870967741935484
0.70692647,0.3870967741935484
0.7472158,0.3870967741935484
0.49194658,0.7096774193548387
0.51285625,0.2903225806451613
0.58839357,0.45161290322580644
0.75863874,0.5483870967741935
0.47906727,0.03225806451612903
0.8057363,0.5161290322580645
0.45243868,0.5806451612903226
0.38562194,0.3225806451612903
0.582678,0.4838709677419355
0.51371163,0.22580645161290322
0.57127833,0.6774193548387096
0.64126354,0.7419354838709677
0.5439245,0.3548387096774194
0.38598597,0.3225806451612903
0.75774217,0.41935483870967744
0.7216368,0.3870967741935484
0.34040496,0.3548387096774194
0.8383413,0.8709677419354839
0.0,0.6774193548387096
0.45630178,0.0967741935483871
0.58714813,0.5161290322580645
0.20820016,0.2903225806451613
0.5118896,0.3548387096774194
0.44972435,0.0967741935483871
0.7060177,0.3225806451612903
0.16407521,0.5161290322580645
0.5906527,0.5483870967741935
0.40229464,0.8064516129032258
0.34207246,0.3548387096774194
0.4594427,0.7096774193548387
0.49461824,0.2903225806451613
0.36127895,0.41935483870967744
0.3264692,0.22580645161290322
0.274157,0.16129032258064516
0.3539217,0.16129032258064516
0.52281016,0.1935483870967742
0.48983255,0.5806451612903226
0.59509885,0.41935483870967744
0.5056868,0.4838709677419355
0.6130441,0.3548387096774194
0.5571025,0.4838709677419355
0.3446494,0.6129032258064516
0.4344946,0.5483870967741935
0.3901626,0.12903225806451613
0.4361818,0.16129032258064516
0.34106734,0.3548387096774194
0.5185305,0.6129032258064516
0.49516428,0.3225806451612903
0.19928461,0.2903225806451613
0.53180593,0.1935483870967742
0.6609836,0.5161290322580645
0.63425493,0.25806451612903225
0.6985273,0.6129032258064516
0.50919765,0.41935483870967744
0.684392,0.16129032258064516
0.33853564,0.4838709677419355
0.5678731,0.5806451612903226
0.78802806,0.5483870967741935
0.3488784,0.1935483870967742
0.5909997,0.6451612903225806
0.57640696,0.5161290322580645
0.7094286,0.2903225806451613
0.6926402,0.7096774193548387
0.5166831,0.12903225806451613
0.34835783,0.6129032258064516
0.51928705,0.7096774193548387
0.43968135,0.4838709677419355
0.6321619,1.0
0.6180732,0.45161290322580644
0.43559605,0.6451612903225806
0.46077314,0.16129032258064516
0.58453375,0.3870967741935484
0.6824924,0.6451612903225806
0.61719775,0.3548387096774194
0.49433812,0.22580645161290322
0.46216336,0.4838709677419355
0.54074633,0.5806451612903226
0.20646526,0.45161290322580644
0.5816992,0.3548387096774194
0.27777925,0.0967741935483871
0.39363235,0.4838709677419355
0.5878885,0.45161290322580644
0.69658434,0.6774193548387096
0.8352121,0.9354838709677419
0.71410334,0.5161290322580645
0.45689878,0.22580645161290322
0.7720434,0.3870967741935484
0.62950677,0.7741935483870968
0.4854219,0.45161290322580644
0.6221311,0.2903225806451613
0.67738444,0.4838709677419355
0.59948665,0.3225806451612903
0.5194809,0.5806451612903226
0.56178313,0.4838709677419355
0.48222002,0.41935483870967744
0.6411601,0.5806451612903226
0.58227557,0.9354838709677419
0.4888994,0.41935483870967744
0.6133802,0.5161290322580645
0.5727226,0.7096774193548387
0.3372994,0.1935483870967742
0.30780354,0.3870967741935484
0.6314348,0.5806451612903226
0.63178486,0.45161290322580644
0.47115377,0.5483870967741935
0.5327057,0.06451612903225806
0.69738555,0.45161290322580644
0.505186,0.3870967741935484
0.6894857,0.6774193548387096
0.82406145,0.8064516129032258
0.5212821,0.22580645161290322
0.7156589,0.7096774193548387
0.44635594,0.1935483870967742
0.4422063,0.0967741935483871
0.91366,0.6129032258064516
0.54055846,0.3225806451612903
0.38682452,0.6451612903225806
0.2626115,0.2903225806451613
0.38201493,0.25806451612903225
0.8459527,0.9354838709677419
0.48171607,0.5483870967741935
0.8566848,0.9032258064516129
0.45751056,0.8064516129032258
0.5804412,0.9032258064516129
0.62517685,0.3548387096774194
0.67493683,0.5483870967741935
0.47945356,0.4838709677419355
0.28251502,0.6129032258064516
0.4896646,0.7096774193548387
0.3850029,0.2903225806451613
0.3755213,0.2903225806451613
0.26812336,0.45161290322580644
0.57027525,0.45161290322580644
0.54695094,0.3870967741935484
0.54122466,0.22580645161290322
0.32751322,0.5161290322580645
0.74620837,0.8064516129032258
0.45350367,0.25806451612903225
0.5146852,0.5806451612903226
0.6090803,0.3548387096774194
0.52042174,0.3548387096774194
0.8226632,0.6451612903225806
0.3593357,0.16129032258064516
0.6033195,0.5161290322580645
0.16970286,0.12903225806451613
0.5835472,0.9032258064516129
0.4912061,0.41935483870967744
0.5791682,0.3870967741935484
0.63314426,0.6129032258064516
0.37813425,0.41935483870967744
0.40347517,0.7419354838709677
0.4699969,0.4838709677419355
0.08287235,0.06451612903225806
0.5254103,0.5483870967741935
0.83834773,0.6129032258064516
0.5941534,0.6774193548387096
0.62367564,0.2903225806451613
0.4440852,0.2903225806451613
0.37007496,0.22580645161290322
0.6128021,0.6774193548387096
0.54561347,0.5806451612903226
0.42266575,0.0967741935483871
0.38687775,0.3225806451612903
0.45367417,0.25806451612903225
0.31183565,0.45161290322580644
0.51419836,0.22580645161290322
0.32800943,0.0967741935483871
0.6336801,0.6451612903225806
0.62082946,0.4838709677419355
0.48104522,0.41935483870967744
0.44394082,0.41935483870967744
0.09253052,0.3225806451612903
0.35373923,0.25806451612903225
0.50465596,0.3870967741935484
0.40890336,0.41935483870967744
0.58633286,0.06451612903225806
0.5267736,0.45161290322580644
0.30710107,0.41935483870967744
0.42052194,0.5483870967741935
0.4872176,0.3870967741935484
0.5357631,0.41935483870967744
0.5371446,0.45161290322580644
0.67378885,0.5483870967741935
0.6006952,0.5483870967741935
0.55070037,0.3870967741935484
0.13169146,0.5483870967741935
0.3423597,0.2903225806451613
0.32536295,0.5161290322580645
0.61245894,0.41935483870967744
0.5117636,0.3870967741935484
0.3242259,0.3870967741935484
0.63891685,0.3548387096774194
0.5437786,0.3548387096774194
0.48401222,0.16129032258064516
0.57506436,0.22580645161290322
0.26290545,0.3225806451612903
0.4410282,0.7096774193548387
0.4597807,0.3225806451612903
0.6106788,0.5161290322580645
1.0,0.7741935483870968
0.3682061,0.3870967741935484
0.7593965,0.5483870967741935
0.441497,0.6129032258064516
0.44971627,0.1935483870967742
0.85182524,0.8064516129032258
0.51422864,0.22580645161290322
0.7954253,0.7741935483870968
0.45328602,0.3225806451612903
0.41317606,0.6451612903225806
0.72177327,0.8064516129032258
0.40808365,0.2903225806451613
0.5820787,0.45161290322580644
0.95383614,0.6774193548387096
0.32007954,0.25806451612903225
0.38417292,0.41935483870967744
0.45080093,0.5806451612903226
0.59344095,0.5806451612903226
0.7394786,0.4838709677419355
0.23873767,0.3225806451612903
0.43792337,0.5483870967741935
0.72451794,0.3870967741935484
0.38974276,0.1935483870967742
0.30233014,0.4838709677419355
0.6709949,0.16129032258064516
0.23282605,0.5806451612903226
0.41821876,0.3548387096774194
0.6426521,0.3870967741935484
0.38010108,0.25806451612903225
0.5671565,0.0967741935483871
0.34037822,0.3225806451612903
0.36398402,0.25806451612903225
0.46216336,0.4838709677419355
0.27176416,0.03225806451612903
0.19695108,0.2903225806451613
0.32123896,0.22580645161290322
0.80478066,0.3225806451612903
0.3680091,0.5483870967741935
0.28193077,0.4838709677419355
0.4302007,0.7741935483870968
0.44927877,0.03225806451612903
0.51998377,0.3225806451612903
0.38666058,0.8064516129032258
0.6828704,0.7419354838709677
0.44650397,0.41935483870967744
0.88864297,0.8064516129032258
0.2809687,0.5483870967741935
